num_comments,num_shares,num_likes,num_loves,num_wows,num_hahas,num_sads,num_angrys
0,0,150,0,0,0,0,0
0,0,111,0,0,0,0,0
0,0,204,9,0,0,0,0
6,0,211,5,1,0,0,0
1,0,198,5,0,0,0,0
9,1,167,3,0,0,0,0
2,3,202,7,1,0,0,0
4,0,213,5,4,0,0,0
4,2,305,6,2,0,0,0
4,0,200,8,1,0,0,0
11,0,335,10,1,0,0,0
2,0,149,3,0,0,0,0
15,1,221,12,1,0,0,0
7,1,217,7,2,1,0,0
0,0,96,0,2,0,0,0
0,0,100,0,2,0,0,0
9,0,138,7,0,0,0,0
0,0,81,2,2,0,0,0
0,0,85,4,2,1,0,0
1,0,116,8,1,0,0,0
4,0,116,3,0,0,0,0
8,0,281,11,1,0,0,0
15,13,78,5,1,0,0,0
11,6,61,4,1,0,0,0
12,0,260,11,4,0,0,0
9,0,419,23,3,0,0,0
11,3,75,2,0,0,0,0
21,13,95,5,0,0,0,0
8,0,245,14,4,0,0,0
32,1,484,26,7,0,0,0
13,0,65,1,0,0,0,0
6,0,104,8,0,0,0,0
3,0,12,2,0,0,0,0
6,1,275,15,3,0,0,0
12,0,226,8,1,1,0,0
10,0,291,18,3,0,0,0
12,0,24,0,0,0,0,0
12,0,32,1,0,0,0,0
10,0,645,29,1,0,0,0
18,0,697,31,9,0,0,0
16,0,554,16,2,0,0,0
7,0,20,3,0,0,0,0
25,0,250,11,5,0,0,0
17,0,76,0,0,0,0,0
11,0,34,2,0,0,0,0
8,0,18,0,0,1,0,0
10,0,27,0,0,0,0,0
2,53,108,9,0,0,0,0
1,0,145,1,0,0,0,0
0,13,151,7,0,0,8,0
0,31,171,0,0,0,19,0
16,0,213,4,0,0,0,0
14,0,451,3,4,0,0,0
15,0,538,12,3,0,0,0
18,11,190,7,6,0,0,0
25,1,979,16,9,1,0,0
14,0,419,4,5,0,0,0
17,0,462,10,7,0,0,0
2,1,104,5,0,0,0,0
5,0,96,0,1,0,0,0
11,0,51,0,0,0,0,0
5,0,295,0,0,0,0,0
14,0,26,1,0,0,0,0
11,0,15,0,0,0,0,0
12,0,16,0,0,0,0,0
12,0,29,0,0,0,0,0
8,0,8,0,0,0,0,0
9,0,10,0,0,0,0,0
8,0,39,0,0,0,0,0
11,0,47,2,0,0,0,0
17,0,244,7,0,0,0,0
5,0,307,11,2,1,0,0
8,3,99,4,0,0,0,0
13,0,627,18,3,0,0,0
3,0,331,8,2,0,0,0
0,0,195,4,2,0,0,0
7,0,41,2,0,0,0,0
7,0,39,1,0,0,0,0
14,0,57,1,0,0,0,0
4,3,144,4,0,0,0,0
24,2,144,6,0,0,0,0
12,0,53,0,0,0,0,0
4,1,166,5,0,0,0,0
633,257,4315,73,17,5,0,0
20,0,180,1,0,0,0,0
20,1,249,8,10,0,0,0
7,0,59,1,0,0,0,0
23,5,95,2,1,0,0,0
18,0,244,11,0,0,0,0
6,1,167,5,2,0,0,0
5,1,59,5,0,0,0,0
3,0,58,4,0,0,0,0
18,6,110,0,0,0,0,0
12,7,117,2,0,0,0,0
11,0,41,0,1,0,0,0
10,0,53,1,0,0,0,0
8,0,80,1,0,0,1,0
8,0,18,0,0,0,0,0
17,7,141,5,1,0,0,0
8,0,79,1,0,0,0,0
11,1,607,18,4,0,0,0
2,0,67,2,0,0,0,0
2,0,27,3,0,0,0,0
1,0,62,2,1,0,0,0
7,0,153,8,0,0,0,0
7,0,47,0,0,0,0,0
3,4,177,5,0,0,0,0
10,0,15,1,0,0,0,0
9,0,30,0,0,0,0,0
7,0,57,0,0,0,0,0
6,3,74,0,0,0,0,0
3,0,19,0,0,0,0,0
3,0,175,0,1,0,0,0
7,0,133,0,0,0,0,0
6,2,158,3,1,0,0,0
6,0,42,1,0,0,0,0
6,0,13,1,0,0,0,0
8,2,49,1,0,0,0,0
23,6,94,0,0,0,0,0
7,1,167,1,0,0,0,0
14,0,241,7,0,0,0,0
6,0,410,8,3,1,0,0
3,0,184,2,0,3,0,0
17,2,382,5,3,0,0,0
28,0,597,14,7,0,0,0
2,2,188,2,1,0,0,0
7,2,347,15,2,0,0,0
10,0,51,0,0,0,0,0
14,1,362,7,0,0,0,0
16,6,133,4,1,0,0,0
9,1,93,1,2,0,0,0
11,0,184,1,1,0,0,0
15,0,461,14,12,0,0,0
8,1,367,13,3,0,0,0
0,1,211,5,0,0,0,0
0,0,45,2,1,0,0,0
11,1,175,10,0,0,0,0
1,1,251,7,0,1,0,0
9,0,291,8,0,0,0,0
9,1,186,13,0,0,0,0
40,1,680,30,7,0,0,0
2,0,150,5,0,0,0,0
8,0,282,11,0,0,0,0
6,0,237,5,1,0,0,0
2,0,256,2,5,0,0,0
3,0,297,7,6,0,0,0
1,0,201,7,0,0,0,0
0,0,209,6,1,0,0,0
6,0,234,9,1,0,0,0
1,0,146,5,1,0,0,0
3,0,368,16,1,0,0,0
9,0,170,6,0,0,0,0
4,0,212,5,1,0,0,0
3,0,256,10,3,0,0,0
4,1,344,6,0,0,0,0
0,2,224,8,0,0,0,0
3,0,244,4,4,0,0,0
0,0,114,8,0,0,0,0
4,0,199,9,1,0,0,0
5,1,295,10,0,0,0,0
10,2,70,1,0,0,0,0
12,0,275,13,1,1,0,0
6,3,66,0,1,0,0,0
11,0,752,30,1,0,0,0
2,0,76,1,0,0,0,0
0,0,100,2,1,0,0,0
5,2,229,8,0,0,2,0
6,0,110,1,0,0,0,0
2,0,173,2,2,0,0,0
8,0,505,13,2,0,0,0
2,0,132,2,0,0,0,0
1,1,220,7,1,0,0,0
5,2,159,7,0,0,0,0
7,1,125,2,0,0,0,0
0,0,29,0,1,0,0,0
5,0,239,9,4,0,0,0
0,0,286,0,1,0,0,0
8,3,257,5,2,0,0,0
5,1,148,3,1,0,0,0
5,0,57,3,1,0,0,0
0,0,184,4,0,0,0,0
2,0,182,5,2,0,0,0
5,0,175,3,0,0,0,0
7,0,313,4,1,0,0,0
9,0,352,7,3,0,0,0
6,0,48,0,0,0,0,0
1,0,244,3,1,0,0,0
2,0,509,11,0,0,0,0
8,2,94,3,0,0,0,0
16,0,392,6,2,0,0,0
0,0,212,6,0,0,0,0
13,4,77,0,0,0,0,0
4,0,198,3,3,0,0,0
6,0,399,6,0,0,0,0
0,0,204,6,0,0,0,0
1,0,208,5,1,0,0,0
4,0,360,7,7,0,0,0
3,0,444,10,3,0,0,0
0,0,205,8,2,0,0,0
6,3,38,0,0,0,0,0
1,0,168,0,0,0,0,0
0,0,274,2,1,0,0,0
1,0,190,6,0,0,0,0
3,0,99,1,0,0,0,0
4,0,79,4,2,0,0,0
10,6,34,0,0,0,0,0
9,0,39,1,1,0,0,0
5,1,22,1,0,0,0,0
9,2,158,3,0,0,0,0
0,0,276,3,0,0,0,0
9,3,95,2,0,0,0,0
3,0,480,6,3,0,0,0
4,0,242,3,0,0,0,0
5,0,268,2,0,0,0,0
11,1,165,1,0,0,0,0
9,1,33,0,0,0,0,0
1,0,72,0,0,0,0,0
0,0,173,1,0,0,0,0
0,0,186,3,3,0,0,0
0,0,230,0,1,0,0,0
1,0,135,2,1,0,0,0
6,1,102,2,0,0,0,0
10,4,90,0,1,0,0,0
22,0,657,12,13,0,0,0
16,1,610,16,2,1,0,0
9,0,268,2,2,0,0,0
2,2,207,6,0,0,0,0
2,0,220,5,0,0,0,0
48,2,450,8,4,1,0,0
7,0,276,8,1,0,0,0
18,0,512,12,2,0,0,0
4,0,406,9,3,0,0,0
10,0,505,9,0,1,0,0
5,0,365,10,2,0,0,0
37,1,1161,19,6,0,0,0
8,1,411,13,0,0,0,0
16,0,105,0,0,0,8,6
9,0,66,1,0,0,0,0
10,3,424,15,0,0,0,0
10,0,667,21,2,0,0,0
16,0,478,11,2,0,0,0
1,0,61,0,2,0,0,0
17,0,309,9,1,1,0,0
9,2,83,2,0,0,0,0
13,0,98,1,0,0,0,0
13,1,212,1,0,0,0,0
12,0,154,2,0,0,0,0
8,0,241,3,2,0,0,0
2,0,219,6,0,0,0,0
1,0,142,2,2,0,0,0
0,1,206,5,0,1,0,0
3,0,225,4,0,0,0,0
2,0,64,1,1,0,0,0
0,0,157,1,0,0,0,0
7,0,288,6,6,0,1,0
11,0,390,4,4,0,0,0
4,0,86,3,0,0,0,0
0,0,146,3,2,0,0,0
5,0,152,2,0,1,0,0
3,0,123,5,4,0,0,0
3,0,142,5,2,0,0,0
9,0,260,11,2,1,0,0
23,0,279,7,3,0,0,0
10,0,204,4,1,0,0,0
11,0,259,6,0,0,0,0
10,0,294,6,1,0,0,0
5,0,209,4,0,0,0,0
3,0,206,4,0,0,0,0
11,0,393,9,6,0,0,0
6,0,215,7,1,0,0,0
4,0,353,5,1,0,0,0
2,0,485,27,0,0,23,0
10,0,354,8,0,0,0,0
2,0,151,5,0,0,0,0
6,0,158,3,0,0,0,0
8,0,273,6,0,0,0,0
6,0,281,5,2,0,0,0
8,0,221,8,1,0,0,0
12,0,262,6,3,0,0,0
2,1,107,3,2,0,1,0
4,0,301,3,2,0,0,0
10,0,548,4,14,0,0,0
1,1,184,0,2,0,0,0
8,0,365,5,3,0,0,0
5,0,392,8,3,0,0,0
14,0,138,1,0,0,0,0
16,5,146,1,1,0,0,0
8,0,265,4,1,0,0,0
8,0,334,7,1,1,0,0
5,0,252,2,0,0,0,0
9,6,298,5,1,0,0,0
6,0,433,4,0,0,0,0
4,2,399,13,0,0,0,0
11,0,175,6,2,0,0,0
8,2,342,9,1,1,0,0
14,1,142,2,0,0,0,0
10,5,876,21,8,0,0,0
4,0,264,8,3,1,0,0
3,4,218,8,1,0,0,0
12,0,463,11,4,0,0,0
22,2,185,3,1,0,0,0
7,0,207,4,0,0,0,0
2,0,293,3,0,0,0,0
2,0,109,4,0,0,0,0
3,0,213,5,5,0,0,0
8,1,311,8,3,0,0,0
3,0,230,4,0,1,0,0
1,0,160,3,0,0,0,0
4,3,367,5,1,0,0,0
2,0,123,5,1,0,0,0
7,0,234,6,4,0,1,0
9,0,264,6,2,0,0,0
9,1,131,3,1,0,0,0
44,0,325,6,2,0,0,0
3,0,94,2,0,0,0,0
7,0,203,7,0,0,0,0
8,0,189,3,0,0,0,0
2,0,151,1,0,0,0,0
3,0,216,6,0,0,0,0
1,0,223,2,2,0,0,0
21,1,521,11,9,1,0,0
8,0,258,3,0,1,1,0
11,1,182,5,3,0,0,0
4,1,309,10,1,0,0,0
8,0,254,9,3,0,0,0
8,0,267,9,2,0,0,0
7,8,190,2,4,0,0,0
4,0,166,12,2,0,0,0
8,0,228,8,0,0,0,0
4,2,128,5,0,0,0,0
11,2,159,11,0,0,0,0
13,0,294,9,1,0,0,0
5,0,148,1,1,0,0,0
8,0,375,9,3,0,0,0
36,1,256,5,0,0,0,0
12,0,468,6,3,0,0,0
19,7,153,1,0,0,0,0
13,2,124,3,2,1,0,0
0,0,294,12,0,1,0,0
12,5,111,2,0,0,0,0
4,2,77,0,0,0,0,0
9,0,206,2,0,1,0,0
0,3,98,1,0,0,0,0
2,21,180,2,0,0,0,0
1,4,148,4,0,0,3,0
0,0,52,0,0,0,0,0
0,37,2,0,0,0,0,0
0,1,335,12,0,0,0,0
0,30,97,2,0,0,0,0
0,6,202,4,0,0,4,0
0,0,171,7,0,0,0,0
0,1,143,5,1,0,0,0
0,1,73,0,0,0,4,0
0,3,85,1,0,0,0,0
0,2,119,1,0,0,0,0
0,0,224,6,0,0,4,0
0,1,277,3,0,0,0,0
5,0,308,5,0,0,6,0
5,0,249,0,0,0,2,0
0,37,1,0,0,0,0,0
0,1,1,0,0,0,0,0
2,0,261,3,0,0,0,0
2,5,214,0,0,0,4,0
0,4,52,0,0,0,0,0
0,1,66,1,0,0,0,0
9,1,237,1,0,0,28,0
0,0,156,5,0,0,4,0
1,0,239,8,0,0,0,0
0,0,373,3,0,0,3,0
1,0,284,8,0,0,13,0
0,0,23,0,3,0,0,0
0,0,27,1,0,0,0,0
0,0,35,2,0,0,0,0
0,0,46,0,0,0,0,0
2,13,150,8,0,1,5,0
0,0,278,4,0,0,0,0
3,0,68,0,0,0,0,0
1,17,66,4,0,0,3,0
0,0,628,11,2,0,0,0
0,0,115,7,0,0,0,0
1,50,617,32,0,0,5,0
2,0,239,3,0,0,3,0
0,0,173,0,0,0,0,0
0,1,64,0,0,0,0,0
9,227,443,42,0,0,10,0
0,0,137,2,0,0,5,0
3,212,452,16,0,0,8,0
0,41,4,0,0,0,0,0
0,1,43,1,0,0,4,0
0,5,179,1,0,0,19,0
0,0,30,0,0,0,0,0
1,0,168,5,0,0,17,0
0,5,90,0,0,0,6,0
3,10,243,1,0,0,51,0
0,1,87,2,0,0,13,0
0,2,46,0,0,0,6,0
0,5,61,0,0,0,10,0
1,2,73,1,0,0,21,0
10,1,124,5,1,0,2,0
6,0,182,5,0,0,0,0
2,0,119,3,2,0,0,0
4,0,152,3,0,1,0,0
26,0,144,4,0,0,0,0
14,0,190,5,0,0,0,0
7,0,220,5,4,0,0,0
6,0,124,3,0,0,0,0
4,0,144,4,0,0,0,0
17,1,156,7,1,0,0,0
19,1,147,3,2,1,0,0
1,58,172,0,0,0,1,0
1,1,160,6,2,0,0,0
4,6,193,4,0,1,0,0
3,3,101,3,1,0,0,0
5,4,265,4,3,0,0,0
9,6,143,2,3,0,0,0
13,14,86,2,3,0,0,0
3,0,56,1,3,0,0,0
2,0,107,2,0,1,0,0
18,20,120,1,1,0,0,0
4,1,102,2,1,0,0,0
1,0,54,1,1,0,0,0
5,0,213,6,0,0,0,0
3,0,105,2,2,0,0,0
1,1,49,1,0,0,0,0
1,0,100,1,0,0,0,0
1,2,98,2,1,0,0,0
4,1,88,1,0,0,1,0
6,2,120,5,1,0,0,0
31,2,423,13,2,3,0,0
7,1,173,2,2,0,0,0
2,1,319,7,0,0,0,0
6,0,259,6,0,0,0,0
8,1,193,4,1,1,0,0
5,0,127,2,0,0,0,0
1,0,180,3,2,0,0,0
4,0,164,3,0,0,0,0
3,0,51,2,0,0,0,0
4,0,348,3,1,0,0,0
3,1,178,6,1,0,0,0
4,1,122,3,1,0,0,0
1,1,117,3,0,0,0,0
6,0,222,6,2,0,0,0
8,0,292,3,2,0,0,0
6,0,153,4,1,0,0,0
3,0,121,3,0,0,0,0
1,0,208,5,0,0,0,0
0,20,113,1,0,0,0,0
10,0,179,3,0,0,0,0
14,1,173,3,2,0,0,0
0,0,162,3,1,0,0,0
5,0,139,3,1,0,0,0
3,17,169,1,0,0,0,0
5,0,192,3,1,0,0,0
0,0,101,2,0,0,0,0
6,0,131,2,1,2,0,0
21,0,111,3,0,0,0,0
4,0,135,4,0,0,0,0
1,0,94,2,0,0,0,0
15,0,174,3,0,0,0,0
6,60,318,2,0,0,0,0
154,111,328,4,3,1,0,0
2,4,54,0,0,0,0,0
2,0,78,0,1,0,0,0
13,0,180,3,0,0,0,0
12,0,72,1,0,0,0,0
15,0,101,2,0,0,0,0
2,0,90,0,0,0,0,0
13,2,122,0,2,0,0,0
11,0,297,4,2,0,0,0
10,0,300,2,0,7,0,0
0,1,125,1,0,0,0,0
53,0,906,16,5,0,1,0
1,1,219,4,0,0,0,0
2,0,166,8,0,0,0,0
0,1,0,0,0,0,0,0
1,1,101,1,0,0,0,0
20,0,341,2,1,0,0,0
13,1,332,2,0,0,0,0
3,0,49,0,0,0,0,0
17,0,402,2,0,0,0,0
5,0,181,4,0,0,0,0
18,0,139,0,0,0,0,0
11,3,346,0,21,0,0,0
1,0,177,0,0,0,0,0
5,0,377,1,0,0,0,0
35,0,891,14,15,1,0,0
0,1,0,0,0,0,0,0
9,0,346,2,0,0,0,0
10,0,365,5,0,0,0,0
3,27,72,0,0,0,0,0
24,0,116,0,0,0,0,0
10,0,21,0,0,0,0,0
8,0,19,0,0,0,0,0
18,1260,1520,12,6,0,4,0
14,0,48,0,0,0,0,0
15,2,68,1,0,0,0,0
18,1,96,0,0,0,0,0
1,0,232,3,0,0,0,0
4,0,128,0,2,0,0,0
19,2,110,1,0,0,0,0
20,1,87,2,0,0,0,0
11,0,20,0,0,0,0,0
15,0,74,0,0,0,0,0
18,2,61,2,0,0,0,0
11,0,61,1,0,0,0,0
24,2,140,0,1,0,0,0
1,0,138,1,1,0,0,0
21,1,119,2,3,0,0,0
16,1,106,1,0,0,0,0
16,0,139,0,0,0,0,0
27,3,264,0,0,0,0,0
11,0,64,0,0,0,0,0
11,0,170,2,0,1,0,0
15,1,165,0,0,0,0,0
18,0,78,1,0,0,0,0
19,2,128,2,0,0,0,0
0,0,526,5,2,0,0,1
5,0,429,3,0,0,0,0
3,0,309,4,3,0,0,0
16,3,68,0,0,0,0,0
3,0,189,0,3,1,0,0
0,0,131,0,0,0,0,0
11,0,67,0,0,0,0,0
1,0,215,2,0,0,0,0
3,0,395,3,0,0,0,0
14,1,99,0,0,0,0,0
1,0,136,1,1,0,0,0
0,1,133,0,1,0,0,0
9,0,263,0,3,1,0,0
6,0,404,4,1,0,0,0
5,0,260,3,0,0,0,0
2,0,209,1,0,0,0,0
14,0,103,1,0,0,0,0
2,0,285,1,0,0,0,0
1,0,177,2,0,0,0,0
1,0,187,2,1,0,0,0
1,0,161,1,1,0,0,0
7,0,421,3,0,0,0,0
3,0,180,1,0,0,0,0
2,0,138,0,1,0,0,0
18,0,762,5,8,0,0,0
2,0,364,1,3,0,0,0
2,0,217,1,0,0,0,0
10,0,325,1,0,0,0,0
21,1,70,0,0,0,0,0
0,0,58,0,0,0,0,0
16,0,60,0,1,0,0,0
14,1,65,1,0,0,0,0
14,1,80,0,1,0,0,0
0,0,165,1,1,0,0,0
13,0,137,1,2,0,0,0
4,0,243,0,0,0,0,0
3,0,197,0,2,0,0,0
15,0,349,4,1,0,0,0
8,0,51,0,0,0,0,0
15,0,615,4,0,0,0,0
30,5,227,1,3,0,0,0
14,1,85,1,0,0,0,0
9,0,63,0,0,0,0,0
18,1,197,1,2,0,0,0
15,1,178,1,1,0,0,0
6,0,208,0,0,0,0,0
2,0,145,0,0,0,0,0
11,0,246,4,0,0,0,0
10,0,356,4,0,0,0,0
9,0,279,0,1,0,0,0
15,0,108,2,1,0,0,0
10,3,354,0,4,0,0,0
13,1,322,3,0,0,0,0
10,0,431,3,7,0,0,0
6,0,260,0,0,0,0,0
14,0,31,0,0,0,0,0
1,0,147,0,0,0,0,0
2,0,312,3,3,0,0,0
14,0,58,1,0,0,0,0
0,0,52,1,0,1,0,0
0,0,155,1,0,0,0,0
13,0,117,1,0,0,0,0
2,0,26,0,0,0,0,0
0,0,119,0,1,0,0,0
13,1,90,0,0,0,0,0
5,0,72,0,1,0,0,0
15,0,182,1,0,0,0,0
14,0,66,0,1,0,0,0
3,0,110,0,0,0,0,0
4,0,138,0,1,0,0,0
1,0,59,0,1,0,0,0
6,0,211,3,0,0,0,0
1,0,158,2,0,0,0,0
8,0,320,2,0,0,0,0
3,2,345,2,1,0,0,0
10,1,285,5,2,0,0,0
20,4,248,2,1,0,0,0
2,17,144,2,1,0,0,0
5,1,220,7,4,0,0,0
4,0,248,6,6,1,0,0
0,20,222,3,0,0,0,0
16,0,140,3,4,1,0,0
22,0,501,29,11,2,0,0
10,1,249,0,0,0,0,0
7,0,625,2,1,1,0,0
18,2,279,0,0,0,0,0
5,0,12,0,0,0,0,0
4,0,10,0,0,0,0,0
4,0,80,0,0,0,0,0
8,0,83,0,0,0,0,0
2,1,66,0,0,0,0,0
3,0,421,0,0,0,0,0
5,1,246,0,0,0,0,0
0,0,151,0,0,0,0,0
6,0,304,0,0,0,0,0
19,2,263,0,0,0,0,0
16,2,216,0,0,0,0,0
11,0,289,0,0,0,0,0
8,0,330,0,0,0,0,0
2,0,320,0,0,0,0,0
9,0,355,0,0,0,0,0
4,0,242,0,0,0,0,0
13,0,471,0,0,0,0,0
7,0,320,0,0,0,0,0
2,0,486,0,0,0,0,0
6,0,353,0,0,0,0,0
10,0,469,0,0,0,0,0
37,1,271,0,0,0,0,0
3,0,228,0,0,0,0,0
11,0,495,0,0,0,0,0
5,0,381,0,0,0,0,0
10,0,480,0,0,0,0,0
6,0,140,0,0,0,0,0
11,0,443,0,0,0,0,0
1,16,182,0,0,0,0,0
0,1,121,0,0,0,0,0
9,0,49,0,0,0,0,0
6,0,230,0,0,0,0,0
26,2,192,0,0,0,0,0
11,0,417,0,0,0,0,0
8,0,552,0,0,0,0,0
19,1,130,0,0,0,0,0
11,0,100,0,0,0,0,0
16,191,385,0,0,0,0,0
16,2,108,0,0,0,0,0
12,0,368,0,0,0,0,0
18,0,307,0,0,0,0,0
4,1,176,0,0,0,0,0
13,1,246,0,0,0,0,0
30,0,152,0,0,0,0,0
5,0,286,0,0,0,0,0
8,0,25,0,0,0,0,0
2,0,21,0,0,0,0,0
7,1,318,0,0,0,0,0
16,1,370,0,0,0,0,0
3,0,58,0,0,0,0,0
0,0,45,0,0,0,0,0
0,0,69,0,0,0,0,0
2,0,135,0,0,0,0,0
11,3,212,0,0,0,0,0
3,1,184,0,0,0,0,0
0,0,103,0,0,0,0,0
9,0,302,0,0,0,0,0
9,2,246,0,0,0,0,0
0,0,117,0,0,0,0,0
12,0,52,0,0,0,0,0
8,0,317,0,0,0,0,0
13,1,189,0,0,0,0,0
19,0,192,0,0,0,0,0
8,0,96,0,0,0,0,0
11,0,112,0,0,0,0,0
12,0,124,0,0,0,0,0
5,0,155,0,0,0,0,0
16,0,167,0,0,0,0,0
13,0,157,0,0,0,0,0
20,0,230,0,0,0,0,0
5,1,136,0,0,0,0,0
0,0,131,0,0,0,0,0
13,0,129,0,0,0,0,0
3,0,88,0,0,0,0,0
7,0,948,0,0,0,0,0
23,0,1552,0,0,0,0,0
14,1,1580,0,0,0,0,0
1,0,102,0,0,0,0,0
3,0,160,0,0,0,0,0
15,3,1575,0,0,0,0,0
14,0,1194,0,0,0,0,0
25,0,1145,0,0,0,0,0
23,1,2024,0,0,0,0,0
10,0,951,0,0,0,0,0
57,0,1139,0,0,0,0,0
4,0,952,0,0,0,0,0
22,0,1999,0,0,0,0,0
5,0,948,0,0,0,0,0
0,0,1,0,0,0,0,0
0,2,1914,0,0,0,0,0
28,0,1080,0,0,0,0,0
6,1,954,0,0,0,0,0
154,64,1143,0,0,0,0,0
2,0,1774,0,0,0,0,0
14,4,1451,0,0,0,0,0
3,0,1784,0,0,0,0,0
11,0,2632,0,0,0,0,0
8,0,2166,0,0,0,0,0
129,105,1724,0,0,0,0,0
8,1,2773,0,0,0,0,0
8,0,1921,0,0,0,0,0
11,1,1029,0,0,0,0,0
20,3,1069,0,0,0,0,0
13,0,1825,0,0,0,0,0
1,0,1880,0,0,0,0,0
10,0,1265,0,0,0,0,0
290,87,1700,0,0,0,0,0
2,0,976,0,0,0,0,0
21,3,1077,0,0,0,0,0
14,1,1188,0,0,0,0,0
28,3,1898,0,0,0,0,0
31,2,1566,0,0,0,0,0
23,2,1966,0,0,0,0,0
29,2,2055,0,0,0,0,0
15,0,1830,0,0,0,0,0
10,8,1128,0,0,0,0,0
286,106,1842,0,0,0,0,0
13,1,2606,0,0,0,0,0
44,10,2153,0,0,0,0,0
225,76,2042,0,0,0,0,0
363,122,1125,0,0,0,0,0
32,1,2098,0,0,0,0,0
17,1,1956,0,0,0,0,0
24,1,2444,0,0,0,0,0
10,0,1803,0,0,0,0,0
27,1,1231,0,0,0,0,0
25,5,2045,0,0,0,0,0
21,8,1995,0,0,0,0,0
56,14,2183,0,0,0,0,0
297,92,1140,0,0,0,0,0
15,0,1805,0,0,0,0,0
354,119,1962,0,0,0,0,0
16,0,2636,0,0,0,0,0
284,78,2264,0,0,0,0,0
2,0,2606,0,0,0,0,0
13,0,1618,0,0,0,0,0
14,0,2947,0,0,0,0,0
206,64,2062,0,0,0,0,0
8,0,2265,0,0,0,0,0
10,0,2791,0,0,0,0,0
4,41,2620,0,0,0,0,0
8,0,2204,0,0,0,0,0
361,93,2211,0,0,0,0,0
11,0,2399,0,0,0,0,0
390,122,2260,0,0,0,0,0
12,0,2348,0,0,0,0,0
32,0,2489,0,0,0,0,0
7,0,2293,0,0,0,0,0
10,0,2221,0,0,0,0,0
509,35,2314,0,0,0,0,0
11,0,1279,0,0,0,0,0
11,0,2404,0,0,0,0,0
22,2,1191,0,0,0,0,0
10,0,1392,0,0,0,0,0
0,2,7,0,0,0,0,0
1,0,12,0,0,0,0,0
0,2,3,0,0,0,0,0
22,0,2414,0,0,0,0,0
18,0,2341,0,0,0,0,0
12,0,2071,0,0,0,0,0
32,2,2080,0,0,0,0,0
17,0,2382,0,0,0,0,0
7,6,2242,0,0,0,0,0
16,0,2028,0,0,0,0,0
0,1,6,0,0,0,0,0
36,4,2132,0,0,0,0,0
22,1,2074,0,0,0,0,0
30,1,2276,0,0,0,0,0
18,1,2174,0,0,0,0,0
213,68,2095,0,0,0,0,0
28,0,2030,0,0,0,0,0
449,119,2634,0,0,0,0,0
6,0,2118,0,0,0,0,0
28,2,2112,0,0,0,0,0
13,0,2675,0,0,0,0,0
11,0,2126,0,0,0,0,0
12,0,2462,0,0,0,0,0
24,3,380,0,0,0,0,0
8,0,2253,0,0,0,0,0
7,1,2346,0,0,0,0,0
4,0,2402,0,0,0,0,0
42,2,2239,0,0,0,0,0
10,0,2492,0,0,0,0,0
21,0,2826,0,0,0,0,0
3,0,2032,0,0,0,0,0
6,2,2154,0,0,0,0,0
3,1,1997,0,0,0,0,0
7,0,2320,0,0,0,0,0
10,0,2190,0,0,0,0,0
14,3,2545,0,0,0,0,0
8,0,2452,0,0,0,0,0
50,1,4710,0,0,0,0,0
8,0,2549,0,0,0,0,0
19,1,3190,0,0,0,0,0
12,0,3510,0,0,0,0,0
10,2,2255,0,0,0,0,0
5,1,2309,0,0,0,0,0
7,2,2051,0,0,0,0,0
11,0,2350,0,0,0,0,0
53,4,2349,0,0,0,0,0
19,0,2157,0,0,0,0,0
4,1,2151,0,0,0,0,0
23,0,2615,0,0,0,0,0
24,0,3115,0,0,0,0,0
16,0,1302,0,0,0,0,0
12,0,1815,0,0,0,0,0
20,0,1379,0,0,0,0,0
26,2,1509,0,0,0,0,0
6,0,956,0,0,0,0,0
10,0,1220,0,0,0,0,0
38,2,1601,0,0,0,0,0
32,4,1159,0,0,0,0,0
29,5,1182,0,0,0,0,0
11,1,1428,0,0,0,0,0
12,1,1473,0,0,0,0,0
5,0,1180,0,0,0,0,0
9,0,1864,0,0,0,0,0
15,1,1630,0,0,0,0,0
13,0,545,0,0,0,0,0
38,5,1193,0,0,0,0,0
11,1,1477,0,0,0,0,0
7,1,1272,0,0,0,0,0
21,0,1238,0,0,0,0,0
13,1,1500,0,0,0,0,0
66,6,1126,0,0,0,0,0
41,3,1246,0,0,0,0,0
25,2,1540,0,0,0,0,0
35,4,1282,0,0,0,0,0
42,6,1253,0,0,0,0,0
44,3,1484,0,0,0,0,0
40,3,1445,0,0,0,0,0
55,8,1610,0,0,0,0,0
17,2,1884,0,0,0,0,0
24,1,2674,0,0,0,0,0
21,3,2054,0,0,0,0,0
51,4,1469,0,0,0,0,0
10,1,1668,0,0,0,0,0
9,1,2000,0,0,0,0,0
11,0,1497,0,0,0,0,0
6,0,1268,0,0,0,0,0
8,0,1428,0,0,0,0,0
5,0,1492,0,0,0,0,0
30,0,1833,0,0,0,0,0
46,9,1562,0,0,0,0,0
13,4,1253,0,0,0,0,0
18,1,1300,0,0,0,0,0
8,0,1451,0,0,0,0,0
28,5,366,0,0,0,0,0
6,0,1424,0,0,0,0,0
0,0,16,0,0,0,0,0
0,0,40,0,0,0,0,0
29,3,413,0,0,0,0,0
0,0,0,0,0,0,0,0
0,1,9,0,0,0,0,0
0,0,7,0,0,0,0,0
0,0,10,0,0,0,0,0
0,0,15,0,0,0,0,0
0,3,16,0,0,0,0,0
1,0,358,0,0,0,0,0
3,20,376,0,0,0,0,0
3,0,272,0,0,0,0,0
0,0,156,0,0,0,0,0
1,0,14,0,0,0,0,0
8,0,188,0,0,0,0,0
16,1,537,0,0,0,0,0
5,0,164,0,0,0,0,0
2,0,41,0,0,0,0,0
2,0,17,0,0,0,0,0
0,0,6,0,0,0,0,0
10,0,344,0,0,0,0,0
2,0,211,0,0,0,0,0
8,0,219,0,0,0,0,0
0,0,6,0,0,0,0,0
1,0,45,0,0,0,0,0
3,0,87,0,0,0,0,0
4,0,46,0,0,0,0,0
0,0,63,0,0,0,0,0
0,0,42,0,0,0,0,0
1,0,53,0,0,0,0,0
1,1,100,0,0,0,0,0
1,0,41,0,0,0,0,0
0,0,34,0,0,0,0,0
0,0,75,0,0,0,0,0
1,0,101,0,0,0,0,0
0,0,51,0,0,0,0,0
3,0,77,0,0,0,0,0
0,0,9,0,0,0,0,0
3,0,134,0,0,0,0,0
0,0,72,0,0,0,0,0
3,0,94,0,0,0,0,0
8,0,216,0,0,0,0,0
1,0,80,0,0,0,0,0
6,0,91,0,0,0,0,0
11,0,184,0,0,0,0,0
0,0,184,0,0,0,0,0
2,0,190,0,0,0,0,0
4,0,102,0,0,0,0,0
2,0,152,0,0,0,0,0
14,0,263,0,0,0,0,0
3,0,114,0,0,0,0,0
9,0,187,0,0,0,0,0
7,0,58,0,0,0,0,0
3,0,46,0,0,0,0,0
4,0,183,0,0,0,0,0
11,0,99,0,0,0,0,0
0,0,51,0,0,0,0,0
6,0,92,0,0,0,0,0
6,0,103,0,0,0,0,0
9,0,326,0,0,0,0,0
2,0,113,0,0,0,0,0
0,0,61,0,0,0,0,0
3,0,76,0,0,0,0,0
1,0,66,0,0,0,0,0
0,0,29,0,0,0,0,0
2,1,71,0,0,0,0,0
7,0,68,0,0,0,0,0
4,0,105,0,0,0,0,0
11,0,179,0,0,0,0,0
52,2,277,0,0,0,0,0
30,0,339,0,0,0,0,0
0,0,23,0,0,0,0,0
0,0,59,0,0,0,0,0
6,0,62,0,0,0,0,0
9,0,115,0,0,0,0,0
3,0,128,0,0,0,0,0
3,0,128,0,0,0,0,0
4,4,55,0,0,0,0,0
1,0,109,0,0,0,0,0
0,0,58,0,0,0,0,0
0,0,83,0,0,0,0,0
6,0,164,0,0,0,0,0
3,0,3,0,0,0,0,0
3,0,75,0,0,0,0,0
1,0,45,0,0,0,0,0
8,0,93,0,0,0,0,0
5,0,82,0,0,0,0,0
1,0,32,0,0,0,0,0
18,0,140,0,0,0,0,0
5,0,113,0,0,0,0,0
5,0,27,0,0,0,0,0
9,0,101,0,0,0,0,0
3,0,70,0,0,0,0,0
1,0,22,0,0,0,0,0
4,7,73,0,0,0,0,0
2,0,211,0,0,0,0,0
1,0,51,0,0,0,0,0
1,0,47,0,0,0,0,0
4,0,84,0,0,0,0,0
0,0,18,0,0,0,0,0
5,0,59,0,0,0,0,0
0,0,44,0,0,0,0,0
0,0,28,0,0,0,0,0
1,0,30,0,0,0,0,0
2,0,39,0,0,0,0,0
0,1,17,0,0,0,0,0
15,1,74,0,0,0,0,0
6,0,68,0,0,0,0,0
2,10,65,0,0,0,0,0
2,0,52,0,0,0,0,0
8,0,78,0,0,0,0,0
3,0,28,0,0,0,0,0
5,0,63,0,0,0,0,0
24,0,19,0,0,0,0,0
22,0,21,0,0,0,0,0
12,0,77,0,0,0,0,0
16,1,537,0,0,0,0,0
5,1,57,0,0,0,0,0
1,0,13,0,0,0,0,0
0,0,10,0,0,0,0,0
0,0,49,0,0,0,0,0
0,0,1,0,0,0,0,0
1,0,29,0,0,0,0,0
2,2,24,0,0,0,0,0
17,0,156,0,0,0,0,0
1,0,56,0,0,0,0,0
1,0,34,0,0,0,0,0
1,0,16,0,0,0,0,0
1,0,25,0,0,0,0,0
4,1,38,0,0,0,0,0
5,0,45,0,0,0,0,0
2,0,74,0,0,0,0,0
0,0,8,0,0,0,0,0
0,0,2,0,0,0,0,0
8,0,131,0,0,0,0,0
3,0,32,0,0,0,0,0
1,1,14,0,0,0,0,0
10,4,90,0,0,0,0,0
2,0,122,0,0,0,0,0
0,0,5,0,0,0,0,0
5,1,97,0,0,0,0,0
1,0,31,0,0,0,0,0
4,0,80,0,0,0,0,0
1,1,51,0,0,0,0,0
0,0,38,0,0,0,0,0
5,0,102,0,0,0,0,0
10,1,92,0,0,0,0,0
4,0,54,0,0,0,0,0
4,0,44,0,0,0,0,0
5,1,78,0,0,0,0,0
10,1,66,0,0,0,0,0
6,2,54,0,0,0,0,0
0,0,25,0,0,0,0,0
5,1,74,0,0,0,0,0
7,1,79,0,0,0,0,0
3,1,104,0,0,0,0,0
7,0,38,0,0,0,0,0
6,0,17,0,0,0,0,0
8,0,75,0,0,0,0,0
3,0,52,0,0,0,0,0
0,5,38,0,0,0,0,0
5,0,58,0,0,0,0,0
1,2,12,0,0,0,0,0
0,2,4,0,0,0,0,0
4,0,28,0,0,0,0,0
0,1,4,0,0,0,0,0
0,0,51,0,0,0,0,0
1,0,18,0,0,0,0,0
0,0,45,0,0,0,0,0
0,0,14,0,0,0,0,0
1,0,54,0,0,0,0,0
4,0,65,0,0,0,0,0
0,0,73,0,0,0,0,0
3,0,43,0,0,0,0,0
4,1,28,0,0,0,0,0
1,0,22,0,0,0,0,0
3,0,39,0,0,0,0,0
8,0,62,0,0,0,0,0
2,0,20,0,0,0,0,0
0,0,17,0,0,0,0,0
7,0,49,0,0,0,0,0
7,0,62,0,0,0,0,0
2,0,43,0,0,0,0,0
1,0,30,0,0,0,0,0
0,0,28,0,0,0,0,0
2,2,49,0,0,0,0,0
6,0,67,0,0,0,0,0
1,0,20,0,0,0,0,0
5,0,81,0,0,0,0,0
6,1,58,0,0,0,0,0
5,0,13,0,0,0,0,0
0,0,47,0,0,0,0,0
0,2,7,0,0,0,0,0
2,1,62,0,0,0,0,0
6,0,84,0,0,0,0,0
2,0,23,0,0,0,0,0
4,0,19,0,0,0,0,0
0,1,13,0,0,0,0,0
1,1,8,0,0,0,0,0
1,0,35,0,0,0,0,0
0,0,37,0,0,0,0,0
10,0,73,0,0,0,0,0
9,0,114,0,0,0,0,0
6,0,69,0,0,0,0,0
0,0,43,0,0,0,0,0
3,0,106,0,0,0,0,0
2,0,69,0,0,0,0,0
2,0,65,0,0,0,0,0
0,0,52,0,0,0,0,0
1,0,79,0,0,0,0,0
1,0,49,0,0,0,0,0
0,0,31,0,0,0,0,0
0,2,7,0,0,0,0,0
0,2,6,0,0,0,0,0
0,0,7,0,0,0,0,0
1,1,5,0,0,0,0,0
1,0,18,0,0,0,0,0
0,7,32,0,0,0,0,0
1,0,33,0,0,0,0,0
0,0,97,0,0,0,0,0
16,0,102,0,0,0,0,0
10,0,38,0,0,0,0,0
2,0,16,0,0,0,0,0
1,2,3,0,0,0,0,0
0,5,27,0,0,0,0,0
4,35,78,0,0,0,0,0
0,0,29,0,0,0,0,0
9,0,66,0,0,0,0,0
16,0,78,0,0,0,0,0
9,1,57,0,0,0,0,0
4,0,19,0,0,0,0,0
14,0,82,0,0,0,0,0
4,1,5,0,0,0,0,0
5,0,52,0,0,0,0,0
14,0,45,0,0,0,0,0
10,0,55,0,0,0,0,0
1,0,40,0,0,0,0,0
4,0,48,0,0,0,0,0
7,0,53,0,0,0,0,0
0,0,5,0,0,0,0,0
0,0,0,0,0,0,0,0
6,0,74,0,0,0,0,0
1,2,7,0,0,0,0,0
214,0,96,0,0,0,0,0
2,0,43,0,0,0,0,0
3,0,13,0,0,0,0,0
3,0,28,0,0,0,0,0
0,1,34,0,0,0,0,0
1,0,83,0,0,0,0,0
0,0,7,0,0,0,0,0
0,0,34,0,0,0,0,0
3,0,97,0,0,0,0,0
4,0,24,0,0,0,0,0
18,0,106,0,0,0,0,0
4,0,131,0,0,0,0,0
7,0,132,0,0,0,0,0
5,0,79,0,0,0,0,0
2,7,71,0,0,0,0,0
8,5,55,0,0,0,0,0
9,0,51,0,0,0,0,0
3,1,46,0,0,0,0,0
2,2,5,0,0,0,0,0
5,0,52,0,0,0,0,0
0,0,18,0,0,0,0,0
13,0,207,0,0,0,0,0
5,0,105,0,0,0,0,0
0,0,30,0,0,0,0,0
0,0,32,0,0,0,0,0
10,0,44,0,0,0,0,0
28,1,100,0,0,0,0,0
4,0,58,0,0,0,0,0
1,0,22,0,0,0,0,0
0,0,26,0,0,0,0,0
4,0,45,0,0,0,0,0
0,0,21,0,0,0,0,0
15,0,75,0,0,0,0,0
0,1,21,0,0,0,0,0
23,0,72,0,0,0,0,0
1,0,50,0,0,0,0,0
6,0,26,0,0,0,0,0
9,0,46,0,0,0,0,0
7,0,80,0,0,0,0,0
11,0,41,0,0,0,0,0
6,0,69,0,0,0,0,0
2,2,3,0,0,0,0,0
4,0,21,0,0,0,0,0
1,0,64,0,0,0,0,0
19,0,60,0,0,0,0,0
3,0,25,0,0,0,0,0
17,0,48,0,0,0,0,0
4,0,45,0,0,0,0,0
0,1,2,0,0,0,0,0
0,1,7,0,0,0,0,0
13,0,61,0,0,0,0,0
9,0,16,0,0,0,0,0
3,0,27,0,0,0,0,0
16,11,42,0,0,0,0,0
0,0,65,0,0,0,0,0
4,0,44,0,0,0,0,0
12,0,55,0,0,0,0,0
7,0,59,0,0,0,0,0
6,0,51,0,0,0,0,0
1,0,41,0,0,0,0,0
5,0,12,0,0,0,0,0
7,0,57,0,0,0,0,0
7,0,55,0,0,0,0,0
4,0,76,0,0,0,0,0
14,0,103,0,0,0,0,0
2,0,46,0,0,0,0,0
14,0,74,0,0,0,0,0
0,0,25,0,0,0,0,0
0,0,34,0,0,0,0,0
1,0,50,0,0,0,0,0
0,0,47,0,0,0,0,0
2,0,64,0,0,0,0,0
1,0,40,0,0,0,0,0
1,0,58,0,0,0,0,0
3,0,67,0,0,0,0,0
3,0,50,0,0,0,0,0
1,0,53,0,0,0,0,0
8,0,67,0,0,0,0,0
12,0,90,0,0,0,0,0
2,0,60,0,0,0,0,0
8,0,30,0,0,0,0,0
10,0,52,0,0,0,0,0
0,0,5,0,0,0,0,0
14,0,56,0,0,0,0,0
2,0,26,0,0,0,0,0
11,0,71,0,0,0,0,0
4,0,53,0,0,0,0,0
2,0,35,0,0,0,0,0
2,0,31,0,0,0,0,0
0,0,45,0,0,0,0,0
1,0,20,0,0,0,0,0
2,2,3,0,0,0,0,0
0,0,48,0,0,0,0,0
0,0,18,0,0,0,0,0
10,0,56,0,0,0,0,0
2,1,64,0,0,0,0,0
0,0,63,0,0,0,0,0
9,2,40,0,0,0,0,0
1,0,92,0,0,0,0,0
0,0,53,0,0,0,0,0
0,0,33,0,0,0,0,0
6,0,84,0,0,0,0,0
11,0,87,0,0,0,0,0
0,0,26,0,0,0,0,0
0,0,22,0,0,0,0,0
0,5,78,0,0,0,0,0
6,7,67,0,0,0,0,0
1,0,26,0,0,0,0,0
0,0,14,0,0,0,0,0
0,0,18,0,0,0,0,0
0,0,24,0,0,0,0,0
0,0,27,0,0,0,0,0
11,0,30,0,0,0,0,0
4,0,34,0,0,0,0,0
1,1,26,0,0,0,0,0
4,0,38,0,0,0,0,0
5,0,55,0,0,0,0,0
9,0,80,0,0,0,0,0
3,0,33,0,0,0,0,0
10,0,44,0,0,0,0,0
7,0,41,0,0,0,0,0
3,0,30,0,0,0,0,0
0,0,34,0,0,0,0,0
0,0,30,0,0,0,0,0
9,0,38,0,0,0,0,0
4,1,24,0,0,0,0,0
2,0,37,0,0,0,0,0
3,0,18,0,0,0,0,0
15,0,55,0,0,0,0,0
3,0,54,0,0,0,0,0
11,0,67,0,0,0,0,0
18,0,94,0,0,0,0,0
2,0,41,0,0,0,0,0
2,0,36,0,0,0,0,0
3,1,65,0,0,0,0,0
6,0,90,0,0,0,0,0
2,0,42,0,0,0,0,0
4,0,48,0,0,0,0,0
10,0,45,0,0,0,0,0
2,0,47,0,0,0,0,0
4,0,31,0,0,0,0,0
23,0,105,0,0,0,0,0
0,0,48,0,0,0,0,0
5,0,37,0,0,0,0,0
2,2,5,0,0,0,0,0
0,0,11,0,0,0,0,0
11,1,27,0,0,0,0,0
0,0,2,0,0,0,0,0
1,0,43,0,0,0,0,0
4,0,46,0,0,0,0,0
3,0,53,0,0,0,0,0
1,0,10,0,0,0,0,0
5,0,22,0,0,0,0,0
3,1,12,0,0,0,0,0
6,0,50,0,0,0,0,0
13,0,47,0,0,0,0,0
0,2,14,0,0,0,0,0
0,0,1,0,0,0,0,0
18,0,25,0,0,0,0,0
0,0,16,0,0,0,0,0
2,0,46,0,0,0,0,0
1,0,76,0,0,0,0,0
0,0,16,0,0,0,0,0
1,0,40,0,0,0,0,0
15,0,83,0,0,0,0,0
28,1,89,0,0,0,0,0
0,0,30,0,0,0,0,0
0,0,12,0,0,0,0,0
17,0,52,0,0,0,0,0
19,0,58,0,0,0,0,0
4,0,22,0,0,0,0,0
0,0,6,0,0,0,0,0
2,0,30,0,0,0,0,0
5,0,58,0,0,0,0,0
4,5,32,0,0,0,0,0
5,0,48,0,0,0,0,0
4,0,43,0,0,0,0,0
0,0,30,0,0,0,0,0
3,0,41,0,0,0,0,0
10,0,42,0,0,0,0,0
6,0,59,0,0,0,0,0
0,0,17,0,0,0,0,0
0,0,47,0,0,0,0,0
5,2,14,0,0,0,0,0
1,0,12,0,0,0,0,0
3,1,25,0,0,0,0,0
0,0,0,0,0,0,0,0
1,0,4,0,0,0,0,0
0,0,3,0,0,0,0,0
1,1,5,0,0,0,0,0
0,0,2,0,0,0,0,0
6,0,11,0,0,0,0,0
10,0,38,0,0,0,0,0
0,0,13,0,0,0,0,0
0,0,19,0,0,0,0,0
1,0,15,0,0,0,0,0
4,0,21,0,0,0,0,0
2,0,42,0,0,0,0,0
0,0,12,0,0,0,0,0
4,0,19,0,0,0,0,0
2,0,24,0,0,0,0,0
1,0,32,0,0,0,0,0
8,0,15,0,0,0,0,0
4,0,22,0,0,0,0,0
8,0,33,0,0,0,0,0
6,0,11,0,0,0,0,0
6,0,47,0,0,0,0,0
7,0,41,0,0,0,0,0
4,0,29,0,0,0,0,0
7,0,48,0,0,0,0,0
8,0,13,0,0,0,0,0
2,0,32,0,0,0,0,0
8,0,42,0,0,0,0,0
5,0,26,0,0,0,0,0
25,0,67,0,0,0,0,0
4,0,23,0,0,0,0,0
4,0,33,0,0,0,0,0
3,0,25,0,0,0,0,0
4,0,22,0,0,0,0,0
0,0,26,0,0,0,0,0
10,0,38,0,0,0,0,0
19,0,50,0,0,0,0,0
1,0,29,0,0,0,0,0
0,0,26,0,0,0,0,0
1,0,25,0,0,0,0,0
0,0,15,0,0,0,0,0
0,0,18,0,0,0,0,0
4,0,28,0,0,0,0,0
23,0,14,0,0,0,0,0
2,0,20,0,0,0,0,0
21,0,17,0,0,0,0,0
0,0,34,0,0,0,0,0
11,0,17,0,0,0,0,0
6,0,40,0,0,0,0,0
5,0,21,0,0,0,0,0
4,0,14,0,0,0,0,0
17,1,43,0,0,0,0,0
5,0,27,0,0,0,0,0
22,0,35,0,0,0,0,0
1,0,24,0,0,0,0,0
4,0,30,0,0,0,0,0
2,0,21,0,0,0,0,0
7,0,41,0,0,0,0,0
1,0,15,0,0,0,0,0
6,0,27,0,0,0,0,0
3,0,22,0,0,0,0,0
13,0,36,0,0,0,0,0
18,0,10,0,0,0,0,0
5,0,24,0,0,0,0,0
1,0,19,0,0,0,0,0
25,0,63,0,0,0,0,0
15,0,47,0,0,0,0,0
11,0,57,0,0,0,0,0
4,0,14,0,0,0,0,0
5,0,35,0,0,0,0,0
0,2,12,0,0,0,0,0
3,0,15,0,0,0,0,0
15,0,31,0,0,0,0,0
5,0,45,0,0,0,0,0
24,0,35,0,0,0,0,0
30,0,38,0,0,0,0,0
11,0,26,0,0,0,0,0
11,0,35,0,0,0,0,0
36,0,53,0,0,0,0,0
0,0,26,0,0,0,0,0
0,0,16,0,0,0,0,0
7,0,28,0,0,0,0,0
1,1,16,0,0,0,0,0
16,0,26,0,0,0,0,0
11,0,26,0,0,0,0,0
14,0,27,0,0,0,0,0
6,0,33,0,0,0,0,0
8,0,27,0,0,0,0,0
10,0,37,0,0,0,0,0
5,1,23,0,0,0,0,0
0,0,13,0,0,0,0,0
8,0,17,0,0,0,0,0
0,0,30,0,0,0,0,0
13,0,18,0,0,0,0,0
9,0,30,0,0,0,0,0
7,0,26,0,0,0,0,0
9,0,16,0,0,0,0,0
5,0,47,0,0,0,0,0
7,0,16,0,0,0,0,0
9,1,13,0,0,0,0,0
13,1,32,0,0,0,0,0
11,0,21,0,0,0,0,0
8,0,24,0,0,0,0,0
4,0,22,0,0,0,0,0
2,0,14,0,0,0,0,0
12,3,24,0,0,0,0,0
1,0,24,0,0,0,0,0
20,0,18,0,0,0,0,0
2,0,14,0,0,0,0,0
4,0,17,0,0,0,0,0
0,0,14,0,0,0,0,0
0,0,16,0,0,0,0,0
0,0,15,0,0,0,0,0
1,0,11,0,0,0,0,0
0,1,15,0,0,0,0,0
1,0,15,0,0,0,0,0
8,0,16,0,0,0,0,0
0,0,14,0,0,0,0,0
0,0,17,0,0,0,0,0
0,1,0,0,0,0,0,0
2,0,32,0,0,0,0,0
7,5,29,0,0,0,0,0
12,0,19,0,0,0,0,0
5,0,49,0,0,0,0,0
25,1,62,0,0,0,0,0
11,0,9,0,0,0,0,0
7,0,33,0,0,0,0,0
28,0,40,0,0,0,0,0
31,0,46,0,0,0,0,0
11,0,31,0,0,0,0,0
0,0,15,0,0,0,0,0
17,0,40,0,0,0,0,0
5,0,20,0,0,0,0,0
9,1,32,0,0,0,0,0
11,1,34,0,0,0,0,0
0,0,14,0,0,0,0,0
10,2,16,0,0,0,0,0
0,1,5,0,0,0,0,0
0,0,21,0,0,0,0,0
1,0,18,0,0,0,0,0
6,0,14,0,0,0,0,0
0,0,23,0,0,0,0,0
22,0,20,0,0,0,0,0
24,0,24,0,0,0,0,0
30,0,24,0,0,0,0,0
25,0,19,0,0,0,0,0
0,0,4,0,0,0,0,0
7,0,35,0,0,0,0,0
4,0,15,0,0,0,0,0
2,0,16,0,0,0,0,0
6,0,20,0,0,0,0,0
18,0,15,0,0,0,0,0
4,0,23,0,0,0,0,0
0,0,18,0,0,0,0,0
4,0,16,0,0,0,0,0
1,0,17,0,0,0,0,0
11,0,15,0,0,0,0,0
1,0,27,0,0,0,0,0
6,0,25,0,0,0,0,0
8,0,24,0,0,0,0,0
0,1,14,0,0,0,0,0
3,0,22,0,0,0,0,0
3,0,15,0,0,0,0,0
44,0,34,0,0,0,0,0
3,9,14,0,0,0,0,0
2,0,18,0,0,0,0,0
3,0,13,0,0,0,0,0
1,0,14,0,0,0,0,0
0,1,30,0,0,0,0,0
8,0,30,0,0,0,0,0
3,0,18,0,0,0,0,0
2,0,24,0,0,0,0,0
0,0,21,0,0,0,0,0
16,0,8,0,0,0,0,0
3,0,23,0,0,0,0,0
2,0,27,0,0,0,0,0
10,0,9,0,0,0,0,0
0,0,12,0,0,0,0,0
1,0,22,0,0,0,0,0
6,0,18,0,0,0,0,0
6,0,17,0,0,0,0,0
0,0,18,0,0,0,0,0
2,0,16,0,0,0,0,0
0,0,16,0,0,0,0,0
2,2,13,0,0,0,0,0
3,0,19,0,0,0,0,0
0,0,2,0,0,0,0,0
1,0,17,0,0,0,0,0
1,0,14,0,0,0,0,0
0,0,2,0,0,0,0,0
2,0,13,0,0,0,0,0
0,0,1,0,0,0,0,0
3,0,18,0,0,0,0,0
7,0,23,0,0,0,0,0
1,0,17,0,0,0,0,0
6,0,17,0,0,0,0,0
1,0,14,0,0,0,0,0
0,1,1,0,0,0,0,0
1,0,10,0,0,0,0,0
12,0,13,0,0,0,0,0
25,0,35,0,0,0,0,0
0,0,4,0,0,0,0,0
12,0,15,0,0,0,0,0
6,0,11,0,0,0,0,0
15,0,8,0,0,0,0,0
3,0,11,0,0,0,0,0
6,0,22,0,0,0,0,0
6,0,10,0,0,0,0,0
6,0,11,0,0,0,0,0
23,0,14,0,0,0,0,0
5,0,21,0,0,0,0,0
4,0,26,0,0,0,0,0
9,1,25,0,0,0,0,0
11,0,10,0,0,0,0,0
2,0,11,0,0,0,0,0
7,0,22,0,0,0,0,0
1,1,11,0,0,0,0,0
2,1,14,0,0,0,0,0
17,0,33,0,0,0,0,0
7,0,19,0,0,0,0,0
2,0,27,0,0,0,0,0
16,0,20,0,0,0,0,0
13,0,27,0,0,0,0,0
18,0,19,0,0,0,0,0
9,0,10,0,0,0,0,0
18,1,27,0,0,0,0,0
28,0,87,0,0,0,0,0
7,0,24,0,0,0,0,0
4,0,16,0,0,0,0,0
0,0,12,0,0,0,0,0
5,0,16,0,0,0,0,0
8,0,21,0,0,0,0,0
1,1,28,0,0,0,0,0
0,0,20,0,0,0,0,0
3,0,15,0,0,0,0,0
5,0,36,0,0,0,0,0
0,0,23,0,0,0,0,0
12,0,31,0,0,0,0,0
0,0,19,0,0,0,0,0
4,0,16,0,0,0,0,0
11,0,30,0,0,0,0,0
2,0,22,0,0,0,0,0
1,2,14,0,0,0,0,0
7,0,11,0,0,0,0,0
4,0,21,0,0,0,0,0
12,0,30,0,0,0,0,0
13,0,37,0,0,0,0,0
5,0,10,0,0,0,0,0
6,0,21,0,0,0,0,0
1,0,15,0,0,0,0,0
3,0,19,0,0,0,0,0
1,0,14,0,0,0,0,0
8,0,14,0,0,0,0,0
0,0,12,0,0,0,0,0
12,0,14,0,0,0,0,0
3,0,16,0,0,0,0,0
0,0,16,0,0,0,0,0
3,0,20,0,0,0,0,0
10,0,30,0,0,0,0,0
8,0,14,0,0,0,0,0
10,0,35,0,0,0,0,0
4,0,21,0,0,0,0,0
7,0,20,0,0,0,0,0
10,13,22,0,0,0,0,0
14,0,32,0,0,0,0,0
6,0,12,0,0,0,0,0
6,0,11,0,0,0,0,0
0,0,12,0,0,0,0,0
0,0,12,0,0,0,0,0
1,0,16,0,0,0,0,0
5,1,21,0,0,0,0,0
2,0,14,0,0,0,0,0
3,0,16,0,0,0,0,0
0,0,14,0,0,0,0,0
12,0,22,0,0,0,0,0
0,0,18,0,0,0,0,0
10,0,25,0,0,0,0,0
28,0,22,0,0,0,0,0
6,0,9,0,0,0,0,0
3,0,16,0,0,0,0,0
7,0,16,0,0,0,0,0
5,0,25,0,0,0,0,0
5,0,12,0,0,0,0,0
2,0,18,0,0,0,0,0
12,0,19,0,0,0,0,0
0,0,25,0,0,0,0,0
11,0,23,0,0,0,0,0
3,0,14,0,0,0,0,0
3,0,24,0,0,0,0,0
8,0,36,0,0,0,0,0
6,0,22,0,0,0,0,0
6,0,28,0,0,0,0,0
10,0,15,0,0,0,0,0
5,0,22,0,0,0,0,0
1,0,21,0,0,0,0,0
7,0,32,0,0,0,0,0
1,3,19,0,0,0,0,0
5,0,12,0,0,0,0,0
3,0,12,0,0,0,0,0
11,0,22,0,0,0,0,0
2,0,17,0,0,0,0,0
0,0,13,0,0,0,0,0
2,2,24,0,0,0,0,0
10,0,16,0,0,0,0,0
17,1,19,0,0,0,0,0
13,0,31,0,0,0,0,0
4,0,11,0,0,0,0,0
0,0,21,0,0,0,0,0
5,0,17,0,0,0,0,0
0,0,23,0,0,0,0,0
2,2,17,0,0,0,0,0
2,2,23,0,0,0,0,0
3,0,16,0,0,0,0,0
4,0,22,0,0,0,0,0
7,0,14,0,0,0,0,0
2,0,25,0,0,0,0,0
6,0,19,0,0,0,0,0
4,0,11,0,0,0,0,0
12,0,21,0,0,0,0,0
2,0,12,0,0,0,0,0
14,0,12,0,0,0,0,0
0,0,12,0,0,0,0,0
5,0,36,0,0,0,0,0
1,0,12,0,0,0,0,0
0,0,11,0,0,0,0,0
10,0,38,0,0,0,0,0
8,0,37,0,0,0,0,0
10,0,49,0,0,0,0,0
1,0,11,0,0,0,0,0
5,0,10,0,0,0,0,0
4,0,9,0,0,0,0,0
4,0,13,0,0,0,0,0
4,0,18,0,0,0,0,0
0,0,15,0,0,0,0,0
0,0,14,0,0,0,0,0
1,0,21,0,0,0,0,0
3,0,14,0,0,0,0,0
3,0,16,0,0,0,0,0
4,0,12,0,0,0,0,0
2,0,12,0,0,0,0,0
5,0,23,0,0,0,0,0
9,1,35,0,0,0,0,0
4,0,18,0,0,0,0,0
1,0,12,0,0,0,0,0
1,0,25,0,0,0,0,0
10,0,19,0,0,0,0,0
5,0,13,0,0,0,0,0
11,0,14,0,0,0,0,0
13,0,36,0,0,0,0,0
13,0,37,0,0,0,0,0
8,0,16,0,0,0,0,0
15,0,25,0,0,0,0,0
4,0,28,0,0,0,0,0
3,0,26,0,0,0,0,0
6,0,32,0,0,0,0,0
12,0,35,0,0,0,0,0
2,0,26,0,0,0,0,0
3,0,21,0,0,0,0,0
12,0,34,0,0,0,0,0
7,0,10,0,0,0,0,0
10,0,20,0,0,0,0,0
6,0,25,0,0,0,0,0
6,0,39,0,0,0,0,0
3,0,17,0,0,0,0,0
11,0,26,0,0,0,0,0
3,0,17,0,0,0,0,0
12,0,38,0,0,0,0,0
2,0,18,0,0,0,0,0
10,0,24,0,0,0,0,0
18,0,45,0,0,0,0,0
0,0,15,0,0,0,0,0
0,0,12,0,0,0,0,0
3,0,20,0,0,0,0,0
22,0,37,0,0,0,0,0
0,0,12,0,0,0,0,0
1,0,26,0,0,0,0,0
9,0,18,0,0,0,0,0
13,0,10,0,0,0,0,0
15,0,12,0,0,0,0,0
5,1,16,0,0,0,0,0
21,0,25,0,0,0,0,0
17,0,9,0,0,0,0,0
0,0,13,0,0,0,0,0
9,0,13,0,0,0,0,0
3,0,15,0,0,0,0,0
27,0,12,0,0,0,0,0
8,2,14,0,0,0,0,0
12,1,21,0,0,0,0,0
14,0,21,0,0,0,0,0
5,0,28,0,0,0,0,0
0,1,14,0,0,0,0,0
2,0,19,0,0,0,0,0
0,1,13,0,0,0,0,0
2,0,15,0,0,0,0,0
1,0,23,0,0,0,0,0
16,0,31,0,0,0,0,0
0,0,14,0,0,0,0,0
18,0,5,0,0,0,0,0
3,0,21,0,0,0,0,0
0,0,15,0,0,0,0,0
4,0,23,0,0,0,0,0
0,0,16,0,0,0,0,0
12,2,22,0,0,0,0,0
11,0,15,0,0,0,0,0
32,0,23,0,0,0,0,0
7,0,27,0,0,0,0,0
2,0,20,0,0,0,0,0
12,0,18,0,0,0,0,0
6,0,30,0,0,0,0,0
3,0,16,0,0,0,0,0
13,0,14,0,0,0,0,0
0,0,18,0,0,0,0,0
11,0,26,0,0,0,0,0
4,0,19,0,0,0,0,0
2,0,14,0,0,0,0,0
5,0,20,0,0,0,0,0
3,0,20,0,0,0,0,0
0,0,15,0,0,0,0,0
12,0,15,0,0,0,0,0
1,0,13,0,0,0,0,0
5,0,21,0,0,0,0,0
6,0,31,0,0,0,0,0
11,0,26,0,0,0,0,0
9,6,27,0,0,0,0,0
11,0,21,0,0,0,0,0
22,1,21,0,0,0,0,0
9,0,24,0,0,0,0,0
25,2,17,0,0,0,0,0
5,0,18,0,0,0,0,0
4,0,13,0,0,0,0,0
7,0,14,0,0,0,0,0
17,0,25,0,0,0,0,0
21,0,10,0,0,0,0,0
5,0,12,0,0,0,0,0
21,0,26,0,0,0,0,0
11,0,24,0,0,0,0,0
2,0,16,0,0,0,0,0
4,0,25,0,0,0,0,0
1,0,18,0,0,0,0,0
5,0,17,0,0,0,0,0
15,0,24,0,0,0,0,0
2,0,13,0,0,0,0,0
18,0,20,0,0,0,0,0
6,1,21,0,0,0,0,0
8,0,21,0,0,0,0,0
8,0,13,0,0,0,0,0
3,0,16,0,0,0,0,0
5,0,14,0,0,0,0,0
1,0,16,0,0,0,0,0
10,0,19,0,0,0,0,0
4,0,18,0,0,0,0,0
5,0,20,0,0,0,0,0
9,0,19,0,0,0,0,0
3,0,19,0,0,0,0,0
6,0,9,0,0,0,0,0
17,0,21,0,0,0,0,0
5,3,29,0,0,0,0,0
0,0,14,0,0,0,0,0
18,0,20,0,0,0,0,0
18,0,27,0,0,0,0,0
5,0,21,0,0,0,0,0
0,0,12,0,0,0,0,0
5,0,23,0,0,0,0,0
3,0,22,0,0,0,0,0
7,0,29,0,0,0,0,0
13,1,26,0,0,0,0,0
11,0,23,0,0,0,0,0
16,0,16,0,0,0,0,0
4,1,22,0,0,0,0,0
4,0,18,0,0,0,0,0
12,0,39,0,0,0,0,0
19,0,25,0,0,0,0,0
9,0,15,0,0,0,0,0
3,0,20,0,0,0,0,0
2,0,24,0,0,0,0,0
4,0,30,0,0,0,0,0
8,0,18,0,0,0,0,0
5,0,22,0,0,0,0,0
7,0,18,0,0,0,0,0
37,0,22,0,0,0,0,0
12,0,17,0,0,0,0,0
0,0,19,0,0,0,0,0
7,1,15,0,0,0,0,0
16,0,36,0,0,0,0,0
9,0,18,0,0,0,0,0
7,0,9,0,0,0,0,0
13,0,25,0,0,0,0,0
11,0,22,0,0,0,0,0
13,0,17,0,0,0,0,0
9,0,10,0,0,0,0,0
1,1,13,0,0,0,0,0
47,0,33,0,0,0,0,0
13,0,14,0,0,0,0,0
6,0,10,0,0,0,0,0
0,0,14,0,0,0,0,0
0,0,15,0,0,0,0,0
1,0,18,0,0,0,0,0
2,0,14,0,0,0,0,0
7,1,32,0,0,0,0,0
1,0,14,0,0,0,0,0
10,0,13,0,0,0,0,0
4,0,12,0,0,0,0,0
15,0,15,0,0,0,0,0
0,0,14,0,0,0,0,0
4,0,23,0,0,0,0,0
0,0,18,0,0,0,0,0
1,0,21,0,0,0,0,0
2,0,15,0,0,0,0,0
3,0,13,0,0,0,0,0
0,0,13,0,0,0,0,0
3,0,18,0,0,0,0,0
5,0,18,0,0,0,0,0
0,0,12,0,0,0,0,0
0,0,12,0,0,0,0,0
1,0,19,0,0,0,0,0
9,0,29,0,0,0,0,0
1,0,12,0,0,0,0,0
2,0,13,0,0,0,0,0
0,1,12,0,0,0,0,0
3,0,19,0,0,0,0,0
8,0,22,0,0,0,0,0
6,1,38,0,0,0,0,0
7,0,17,0,0,0,0,0
7,2,37,0,0,0,0,0
7,0,28,0,0,0,0,0
5,1,22,0,0,0,0,0
2,0,28,0,0,0,0,0
30,0,19,0,0,0,0,0
12,0,33,0,0,0,0,0
3,0,18,0,0,0,0,0
7,0,16,0,0,0,0,0
4,0,32,0,0,0,0,0
7,0,30,0,0,0,0,0
5,0,20,0,0,0,0,0
2,0,16,0,0,0,0,0
18,1,36,0,0,0,0,0
4,1,30,0,0,0,0,0
2,0,22,0,0,0,0,0
14,0,34,0,0,0,0,0
3,0,19,0,0,0,0,0
5,0,15,0,0,0,0,0
1,0,12,0,0,0,0,0
32,0,23,0,0,0,0,0
2,0,13,0,0,0,0,0
4,0,17,0,0,0,0,0
33,0,30,0,0,0,0,0
1,0,32,0,0,0,0,0
4,0,12,0,0,0,0,0
24,0,32,0,0,0,0,0
6,0,23,0,0,0,0,0
2,0,34,0,0,0,0,0
19,0,62,0,0,0,0,0
20,0,18,0,0,0,0,0
2,0,10,0,0,0,0,0
0,0,16,0,0,0,0,0
5,0,23,0,0,0,0,0
0,0,14,0,0,0,0,0
7,0,20,0,0,0,0,0
8,0,25,0,0,0,0,0
7,0,19,0,0,0,0,0
2,0,17,0,0,0,0,0
13,0,15,0,0,0,0,0
9,0,25,0,0,0,0,0
2,0,18,0,0,0,0,0
3,0,13,0,0,0,0,0
2,0,19,0,0,0,0,0
10,2,29,0,0,0,0,0
3,0,13,0,0,0,0,0
0,0,25,0,0,0,0,0
0,0,21,0,0,0,0,0
17,2,48,0,0,0,0,0
0,0,22,0,0,0,0,0
1,0,20,0,0,0,0,0
14,0,14,0,0,0,0,0
17,0,31,0,0,0,0,0
3,0,12,0,0,0,0,0
39,0,24,0,0,0,0,0
5,0,10,0,0,0,0,0
3,0,21,0,0,0,0,0
0,0,18,0,0,0,0,0
1,0,14,0,0,0,0,0
11,0,15,0,0,0,0,0
4,0,13,0,0,0,0,0
4,0,12,0,0,0,0,0
2,0,13,0,0,0,0,0
17,3,19,0,0,0,0,0
3,0,12,0,0,0,0,0
1,0,14,0,0,0,0,0
7,0,14,0,0,0,0,0
3,0,15,0,0,0,0,0
0,0,5,0,0,0,0,0
1,0,19,1,0,0,0,0
1,0,56,1,0,0,0,0
0,0,8,0,0,0,0,0
1,1,91,1,2,0,0,0
1,1,72,0,0,0,0,0
0,0,12,0,0,0,0,0
0,0,5,0,0,0,0,0
25,7,560,13,3,0,0,0
0,1,42,0,0,0,0,0
0,1,30,0,0,0,0,0
1,0,32,0,0,0,0,0
0,1,27,0,0,0,0,0
0,0,3,0,0,0,0,0
0,0,14,0,0,0,0,0
0,0,4,0,0,0,0,0
0,10,119,4,4,0,0,0
1,0,12,0,0,0,0,0
0,0,9,0,0,0,0,0
0,2,40,1,0,0,0,0
0,0,19,0,0,0,0,0
18,2,213,6,7,1,0,0
2,0,8,0,0,0,0,0
0,1,89,2,0,0,0,0
4,0,5,0,0,0,0,0
0,0,17,0,0,0,0,0
10,2,342,8,4,0,0,0
1,1,44,0,0,0,0,0
2,0,21,0,0,0,0,0
2,0,54,0,0,0,0,0
0,1,10,0,0,0,0,0
0,0,13,0,1,0,0,0
51,4,453,9,2,0,0,0
0,1,77,1,0,0,0,0
0,0,15,0,0,0,0,0
0,0,2,0,0,0,0,0
4,3,90,1,0,0,0,0
0,1,55,1,0,0,0,0
0,5,15,0,0,0,0,0
2,2,44,1,1,0,0,0
0,0,19,0,0,0,0,0
0,0,5,0,0,0,0,0
21,6,319,7,6,0,0,0
1,0,12,0,0,0,0,0
0,0,10,0,1,0,0,0
4,2,55,1,0,0,0,0
13,1,69,3,0,0,0,0
0,0,10,0,0,0,0,0
3,12,54,2,0,0,0,0
0,3,44,1,0,0,0,0
0,2,35,1,1,0,0,0
10,49,68,1,2,0,0,0
0,2,49,2,0,0,0,0
3,15,74,1,1,0,0,0
11,69,65,2,1,0,1,0
5,70,57,1,0,0,0,0
1,1,27,2,0,0,0,0
3,54,47,1,0,0,0,0
1,0,7,1,1,0,0,0
0,0,68,1,0,0,0,0
0,0,19,0,0,0,0,0
0,0,32,2,0,0,0,0
1,0,28,1,0,0,0,0
3,1,16,0,0,0,0,0
0,0,6,0,0,0,0,0
1,0,12,1,0,0,0,0
0,0,9,0,0,0,0,0
0,1,78,3,1,0,0,0
0,0,5,0,0,0,0,0
0,0,5,0,0,0,0,0
0,0,8,0,0,0,0,0
0,1,64,3,0,1,0,0
0,1,52,1,0,0,0,0
0,1,21,1,1,0,0,0
0,0,15,0,0,0,0,0
0,0,7,1,0,0,0,0
0,1,23,0,0,0,0,0
0,0,16,0,0,0,0,0
7,3,240,2,1,0,0,0
3,2,83,1,0,0,0,0
0,0,15,0,0,0,0,0
0,3,113,1,0,0,0,0
66,1,173,1,0,0,0,0
0,0,10,0,0,0,0,0
4,2,79,2,0,0,0,0
1,0,18,0,0,0,0,0
1,1,61,1,0,0,0,0
2,4,316,2,0,0,0,0
1,2,41,2,0,0,0,0
2,1,79,1,0,0,0,0
0,0,19,0,0,0,0,0
9,2,130,3,0,0,0,0
1,0,24,0,0,0,0,0
0,0,8,0,0,0,0,0
0,1,49,1,0,0,0,0
0,2,6,0,0,0,0,0
2,1,19,0,0,0,0,0
0,0,12,0,0,0,0,0
1,0,58,0,0,0,0,0
0,1,20,0,0,0,0,0
0,1,89,1,0,0,0,0
0,0,7,0,0,0,0,0
0,0,20,0,0,0,0,0
0,0,9,0,0,0,0,0
0,0,72,0,0,0,0,0
1,0,8,0,0,0,0,0
0,0,2,0,0,0,0,0
3,0,17,0,0,0,0,0
1,0,7,0,0,0,0,0
1,0,71,2,0,0,0,0
0,0,68,2,0,0,0,0
2,0,66,1,1,0,0,0
2,0,17,0,0,0,0,0
0,0,11,0,0,0,0,0
0,0,8,0,0,0,0,0
0,0,8,0,0,0,0,0
2,1,70,1,0,0,0,0
1,0,2,0,0,0,1,0
9,1,142,6,3,0,0,0
0,0,6,0,0,0,0,0
0,1,139,0,0,0,0,0
1,0,40,3,0,0,0,0
0,0,8,0,0,0,0,0
0,3,51,0,0,0,0,0
4,1,86,3,0,0,0,0
2,0,7,0,0,0,0,0
0,0,7,0,0,0,0,0
3,0,7,0,0,0,0,0
6,2,150,1,5,0,0,0
0,0,19,0,0,0,0,0
19,36,501,9,1,0,0,0
0,0,3,0,0,0,0,0
0,0,138,2,0,0,0,0
3,7,138,0,0,0,0,0
0,0,2,0,0,0,0,0
0,0,9,0,0,0,0,0
2,0,74,0,0,0,0,0
0,0,3,0,0,0,0,0
0,1,18,0,0,0,0,0
0,0,6,0,0,0,0,0
1,0,9,0,0,0,0,0
0,0,10,0,0,0,0,0
0,0,5,0,0,0,0,0
6,1,82,2,0,0,0,0
5,1,69,0,1,0,0,0
0,0,29,0,0,0,0,0
0,0,10,1,0,0,0,0
1,0,5,0,0,0,0,0
0,0,3,0,0,0,0,0
0,0,9,0,0,0,0,0
15,1,140,2,6,0,0,0
4,0,19,0,0,0,0,0
0,0,4,0,0,0,0,0
0,0,14,0,0,0,0,0
0,0,55,1,1,0,0,0
2,0,44,1,0,0,0,0
0,0,3,0,0,0,0,0
2,0,14,0,0,0,0,0
6,0,8,0,0,0,0,0
2,0,62,0,2,0,0,0
1,0,27,1,0,0,0,0
0,0,62,0,0,0,0,0
3,0,5,0,0,0,0,0
3,1,8,0,0,0,0,0
0,0,20,0,0,0,0,0
0,0,8,0,0,0,0,0
1,9,206,3,1,0,0,0
1,1,112,0,2,0,0,0
0,0,45,1,0,0,0,0
2,0,61,1,0,0,0,0
0,0,12,0,0,0,0,0
1,0,10,0,0,0,0,0
4,0,5,0,0,0,0,0
0,0,3,0,0,0,0,0
0,0,7,1,0,0,0,0
37,10,586,9,3,0,0,0
6,1,85,0,0,0,0,0
0,0,25,0,0,0,0,0
3,0,11,0,0,0,0,0
1,0,5,0,0,0,0,0
4,0,9,0,0,0,0,0
0,0,13,0,0,0,0,0
3,0,11,0,0,0,0,0
3,0,11,0,0,0,0,0
1,0,7,0,0,0,0,0
11,34,503,9,1,0,0,0
3,0,7,0,0,0,0,0
0,0,14,0,0,0,0,0
20,2,159,1,6,0,0,0
8,0,7,0,0,0,0,0
1,0,23,0,0,0,0,0
1,0,11,0,0,0,0,0
3,0,7,0,0,0,0,0
0,0,8,0,0,0,0,0
4,0,18,0,0,0,0,0
0,1,59,1,0,0,0,0
6,0,35,1,0,0,0,0
0,0,9,1,0,0,0,0
2,0,10,0,0,0,0,0
1,2,110,1,0,0,0,0
4,1,41,2,0,0,0,0
16,1,402,11,10,0,0,0
2,0,10,0,0,0,0,0
0,0,10,0,0,0,0,0
13,23,464,4,3,0,0,0
0,1,11,0,0,0,0,0
14,2,1480,18,5,4,1,0
0,1,70,0,1,0,0,0
7,2,104,2,1,0,0,0
3,1,136,3,2,0,0,0
3,6,625,11,1,0,0,0
0,0,50,0,0,0,0,0
0,2,51,2,0,0,0,0
0,0,49,0,0,1,0,0
0,0,77,1,1,0,0,0
0,1,53,1,0,0,0,0
0,1,118,3,1,0,0,0
0,0,11,0,0,0,0,0
0,0,6,0,0,0,0,0
25,1,81,1,3,0,0,0
2,0,8,0,0,0,0,0
1,0,76,1,1,0,0,0
0,0,14,1,0,0,0,0
9,0,11,0,0,0,0,0
0,0,35,1,0,0,0,0
1,0,22,1,0,0,0,0
2,0,14,0,0,0,0,0
0,0,14,0,0,0,0,0
0,0,7,0,0,0,0,0
0,0,12,0,0,0,0,0
33,21,670,15,5,0,0,0
3,0,22,0,0,0,0,0
0,0,36,2,0,0,0,0
31,0,66,1,0,0,0,0
0,0,8,0,0,0,0,0
0,0,4,0,0,0,0,0
4,0,22,0,0,0,1,0
65,4,407,4,3,0,0,0
1,0,16,0,0,0,0,0
0,0,66,0,0,0,0,0
0,0,8,0,0,0,0,0
3,0,44,0,0,0,0,0
5,0,16,0,0,0,0,0
12,0,84,1,2,0,0,0
1,0,15,0,0,0,0,0
0,0,22,0,0,0,0,0
0,0,3,0,0,0,0,0
0,0,6,0,0,0,0,0
2,0,20,0,0,0,0,0
11,0,11,0,0,0,0,0
4,0,17,1,0,0,0,0
0,0,6,0,0,0,0,0
2,4,27,1,1,0,0,0
0,0,45,1,0,0,0,0
86,1,294,1,1,0,0,0
0,0,11,0,0,0,0,0
0,0,8,0,0,0,0,0
0,0,14,0,0,0,0,0
2,1,53,1,0,0,0,0
0,1,40,2,1,0,0,0
0,0,5,0,0,0,0,0
0,0,9,2,0,0,0,0
0,0,14,0,0,0,2,0
0,0,9,1,0,0,0,0
4,0,11,0,0,0,0,0
34,1,112,0,0,0,0,0
4,1,49,1,0,0,0,0
3,0,10,0,0,0,0,0
0,0,16,2,0,0,0,0
2,0,12,0,0,0,0,0
0,0,74,0,0,0,0,0
4,0,26,1,0,0,0,0
0,0,9,0,0,0,0,0
1,0,11,0,0,0,0,0
1,0,18,0,0,0,0,0
4,0,10,2,0,0,3,0
1,0,4,0,0,0,1,0
3,0,94,1,0,0,1,0
1,0,6,0,0,0,0,0
5,0,10,0,0,0,0,0
0,0,12,0,0,0,0,0
6,0,132,3,1,0,0,0
0,0,11,0,0,0,0,0
2,0,11,0,0,0,0,0
1,1,20,0,0,0,0,0
2,1,85,2,0,0,0,0
2,0,13,0,0,0,0,0
15,2,72,0,0,0,0,0
9,2,111,0,0,0,0,0
22,6,174,4,0,0,0,0
0,0,14,0,0,0,0,0
25,2,121,5,1,0,0,0
0,0,40,0,0,0,0,0
55,7,1011,13,2,0,0,0
0,0,12,1,0,0,0,0
1,2,27,0,0,0,0,0
0,0,4,0,0,0,0,0
7,2,189,3,1,0,0,0
1,1,41,1,0,0,0,0
0,0,9,1,0,0,0,0
10,3,134,0,3,1,0,0
0,0,12,0,0,0,0,0
1,0,8,0,0,0,0,0
0,0,6,0,0,0,0,0
0,1,36,2,0,0,0,0
13,0,81,5,0,0,0,0
0,1,15,0,0,0,0,0
0,2,13,0,0,0,0,0
0,0,6,0,0,0,0,0
3,2,52,0,0,0,0,0
13,2,79,0,0,0,0,0
1,3,25,1,0,0,0,0
0,0,11,0,0,0,0,0
0,0,14,0,0,0,0,0
25,0,1220,7,8,1,0,0
0,0,11,0,0,0,0,0
9,0,41,0,0,0,0,0
43,3,99,1,0,0,1,0
10,0,36,0,0,0,0,0
8,0,37,0,1,0,0,0
10,0,19,1,0,0,0,0
31,0,60,0,0,0,0,0
7,0,26,0,0,0,0,0
5,1,44,0,0,1,0,0
40,0,83,0,0,0,0,0
0,0,6,0,0,0,0,0
0,0,5,2,0,0,0,0
0,0,7,0,0,0,0,0
12,1,43,0,0,0,0,0
0,0,4,0,0,0,0,0
5,0,16,0,0,0,0,0
8,3,85,0,0,0,0,0
2,3,45,0,0,0,0,0
7,3,44,1,0,0,0,0
2,1,29,0,0,0,0,0
2,0,14,0,0,0,0,0
7,0,59,2,0,0,0,0
6,2,90,3,1,0,0,0
15,2,309,4,3,0,0,0
5,1,168,1,0,7,0,0
3,0,14,0,0,0,0,0
25,2,93,1,0,0,0,0
61,2,98,0,0,0,0,0
3,2,14,0,0,0,0,0
1,1,16,0,0,0,0,0
0,0,11,0,0,0,0,0
0,0,10,0,0,0,0,0
0,0,19,0,0,0,0,0
16,21,830,35,7,1,0,0
4,0,21,0,0,0,1,0
14,0,17,0,0,0,0,0
5,0,12,0,0,0,0,0
31,0,252,14,5,0,1,0
60,1,186,3,1,0,0,0
6,0,10,0,0,0,0,0
51,28,1744,67,26,10,0,0
1,2,21,0,0,0,0,0
2,28,172,0,0,40,2,0
0,0,5,0,0,0,0,0
7,2,102,0,1,0,0,0
0,2,27,1,0,0,0,0
0,0,8,0,0,0,0,0
0,0,7,0,0,0,0,0
3,0,78,3,1,0,0,0
7,3,128,3,3,0,0,0
0,0,10,0,0,0,0,0
0,1,42,2,0,0,0,0
8,1,313,3,1,0,0,0
44,5,138,2,0,0,0,0
0,0,11,0,0,0,0,0
1,0,8,2,0,0,1,0
1,0,36,0,0,0,0,0
2,0,6,0,0,0,0,0
1,2,32,1,0,0,0,0
1,0,11,0,0,0,0,0
21,1,105,1,1,0,0,0
0,2,92,3,0,0,0,0
13,3,146,4,4,0,0,0
2,0,63,0,0,0,0,0
2,1,111,1,0,0,0,0
7,16,349,6,2,0,0,0
0,7,204,0,0,13,0,0
8,0,60,0,0,0,0,0
0,0,9,0,0,0,0,0
28,0,88,0,0,0,0,0
13,3,1242,24,6,1,0,0
0,10,101,6,1,0,0,0
1,0,7,0,0,0,0,0
3,0,72,2,2,5,0,0
63,5,936,9,10,0,0,0
0,1,25,0,0,0,0,0
0,0,6,0,0,0,0,0
89,4,352,6,4,0,0,0
0,0,8,0,0,0,0,0
0,0,10,0,0,0,0,0
5,13,257,10,10,1,0,0
30,1,94,0,0,0,0,0
7,0,104,3,3,0,0,0
16,2,232,3,0,0,0,0
0,0,16,1,0,0,0,0
14,1,89,3,0,0,0,0
0,1,12,0,0,0,0,0
18,2,140,4,5,0,0,0
0,0,8,1,0,0,0,0
60,4,364,13,6,1,0,0
2,0,17,1,0,0,0,0
2,0,25,0,0,0,0,0
0,0,11,0,0,0,0,0
15,0,259,10,1,0,0,0
4,32,216,1,0,24,0,0
10,2,185,2,0,0,0,0
0,0,5,0,0,0,0,0
25,1,121,1,0,0,0,0
0,0,10,0,0,0,0,0
1,0,9,0,0,0,0,0
13,2,111,1,2,0,0,0
1,1,19,0,0,0,0,0
0,0,0,0,0,0,0,0
0,6,65,0,0,0,0,0
0,1,5,0,0,0,0,0
0,1,12,0,0,0,0,0
32,7,222,7,1,0,0,0
1,1,11,1,0,0,0,0
1,1,35,0,0,0,0,0
20,3,122,2,0,0,0,0
1,1,5,0,0,0,0,0
0,1,4,0,0,0,0,0
19,2,148,1,0,0,0,0
1,1,24,0,0,0,0,0
66,5,197,1,3,0,0,0
3,1,13,1,0,0,0,0
1,1,50,0,1,0,0,0
5,1,14,0,0,0,0,0
1,6,49,1,1,0,0,0
2,26,54,1,0,3,0,0
5,1,22,0,0,0,0,0
16,1,223,4,1,0,0,0
1,0,12,0,0,0,0,0
2,0,15,0,0,0,0,0
13,2,79,0,0,0,2,0
3,1,17,0,0,0,0,0
1,0,9,0,0,0,1,0
11,2,85,2,1,0,0,0
54,5,238,3,0,0,0,0
0,1,83,0,0,0,0,0
5,0,17,1,0,0,1,0
1,1,35,0,0,0,0,0
87,5,357,1,4,0,0,0
0,0,17,0,0,0,0,0
14,1,66,0,0,0,0,0
4,4,154,1,0,0,0,0
119,6,219,1,3,0,0,0
3,0,25,1,0,0,0,0
13,2,172,5,2,0,0,0
0,0,7,0,1,0,0,0
1,0,24,0,0,0,0,0
18,0,478,16,2,0,0,0
1,0,10,1,0,0,0,0
0,0,8,0,0,0,0,0
6,0,498,18,3,0,0,0
23,5,211,4,2,0,0,0
0,4,92,2,3,0,0,0
1,0,6,0,0,0,0,0
0,1,32,0,0,0,0,0
3,0,17,1,0,0,0,0
2,0,11,0,0,0,0,0
0,0,20,0,0,0,0,0
1,0,5,0,0,0,0,0
4,0,24,0,0,0,2,0
35,0,482,15,2,0,0,0
3,38,185,5,5,0,1,0
0,0,16,0,0,0,0,0
4,1,48,0,0,0,0,0
2,0,2,0,0,0,0,0
0,0,13,0,0,0,0,0
0,0,6,0,0,0,0,0
0,0,22,0,0,0,0,0
1,0,9,0,0,0,0,0
2,0,3,0,0,0,0,0
3,0,10,0,0,0,0,0
0,0,7,0,0,0,0,0
5,0,22,0,1,0,0,0
1,0,10,0,0,0,0,0
1,0,2,0,0,0,0,0
0,0,8,0,0,0,0,0
1,0,2,0,0,0,0,0
0,0,32,0,0,0,0,0
4,4,98,1,0,0,0,0
8,0,84,1,0,0,0,0
3,0,9,0,0,0,0,0
0,1,15,0,0,0,0,0
4,0,15,0,0,0,0,0
0,0,3,0,0,0,0,0
0,0,13,0,0,0,0,0
1,0,14,1,0,0,0,0
0,0,9,0,0,0,0,0
60,6,225,8,0,0,0,0
1,0,10,0,0,0,0,0
0,0,9,0,0,0,0,0
15,5,313,0,3,0,0,0
1,0,8,0,0,0,0,0
6,0,9,0,0,0,0,0
0,0,10,0,0,0,0,0
6,1,65,2,1,2,0,0
1,0,9,0,0,0,0,0
0,0,10,0,0,0,0,0
4,2,15,0,0,0,0,0
0,2,53,0,0,0,0,0
0,6,37,0,0,0,0,0
5,2,95,2,2,0,0,0
1,1,10,0,0,0,0,0
7,1,7,1,0,0,1,0
0,1,17,0,0,0,0,0
1,0,11,0,0,0,0,0
3,15,150,3,1,0,0,0
2,0,21,0,0,0,0,0
3,0,10,0,0,0,0,0
35,11,406,2,6,0,0,0
9,1,10,0,0,0,0,0
7,30,109,1,1,0,0,0
6,0,17,0,0,0,2,0
2,5,90,1,1,0,0,0
2,1,12,0,0,0,0,0
3,0,18,0,0,0,0,0
0,0,5,0,0,0,0,0
0,0,7,0,0,0,0,0
5,46,89,0,0,0,0,0
2,0,45,0,0,0,0,0
0,1,15,0,0,0,0,0
0,59,57,0,0,0,0,0
5,1,67,3,4,0,0,0
0,0,15,0,0,0,0,0
1,36,62,1,0,0,0,0
0,0,23,0,0,0,0,0
2,59,60,0,0,0,0,0
0,1,11,0,0,0,0,0
2,2,102,0,3,0,0,0
1,2,35,0,0,0,0,0
0,1,25,0,0,0,0,0
0,1,18,0,0,0,0,0
2,1,18,0,0,0,0,0
0,0,8,0,0,0,0,0
0,0,10,0,0,0,0,0
0,18,44,0,0,0,0,0
4,19,82,0,0,0,0,0
6,1,33,0,0,0,0,0
1,0,112,1,1,0,0,0
7,2,212,6,1,0,0,0
8,0,12,1,0,0,3,0
3,0,16,1,0,0,0,0
6,1,52,0,2,0,0,0
3,0,6,0,0,0,0,0
10,0,16,3,0,0,1,1
50,3,578,38,21,0,0,0
8,0,5,0,0,0,0,0
6,0,19,0,1,0,0,0
8,2,62,3,0,0,0,0
0,6,75,1,0,0,0,0
1,0,12,0,0,0,0,0
1,0,12,0,0,0,0,0
50,3,345,10,1,0,0,0
3,1,74,0,0,1,0,0
5,0,13,1,0,0,0,0
1,0,51,0,0,0,0,0
1,1,11,0,0,0,0,0
0,0,3,0,0,0,0,0
0,0,10,0,0,0,0,0
44,0,176,1,3,4,0,31
2,0,5,0,0,0,0,0
2,0,9,0,0,0,0,0
8,2,63,0,0,0,0,0
3,1,17,0,0,0,0,0
2,0,62,2,3,0,0,0
3,0,12,0,0,0,0,0
0,0,12,0,0,0,0,0
11,4,148,2,3,0,0,0
6,0,17,0,0,0,0,0
2,0,11,0,0,0,0,0
0,1,48,0,0,0,0,0
17,3,212,11,2,0,0,0
7,1,4,0,0,0,0,0
7,0,11,1,0,0,0,0
14,1,179,4,0,0,0,0
12,6,114,2,1,0,0,0
0,8,11,0,0,0,0,0
1,0,10,0,0,0,0,0
3,0,11,0,0,0,0,0
0,1,44,0,0,0,0,0
4,1,44,1,0,0,0,0
5,1,92,3,1,0,0,0
0,0,20,1,0,0,0,0
0,0,27,0,0,0,0,0
3,0,14,0,0,0,0,0
0,1,4,0,0,0,0,0
43,1,148,7,2,0,0,0
11,8,127,5,2,0,0,0
1,1,16,0,0,0,0,0
205,2,376,11,8,0,0,0
0,0,18,0,0,0,0,0
12,2,91,1,5,0,1,0
34,2,76,0,0,0,0,0
3,2,48,2,0,0,0,0
0,0,12,0,0,0,0,0
0,0,6,0,0,0,0,0
3,1,34,2,0,0,0,0
0,0,6,0,0,0,0,0
17,2,164,2,0,0,0,0
3,1,96,0,0,0,0,0
1,1,12,0,0,0,0,0
97,5,378,5,11,0,0,0
0,1,13,0,0,0,0,0
1,1,6,0,0,0,0,0
63,8,167,0,0,0,0,0
2,2,39,0,1,0,0,0
0,1,10,0,0,0,0,0
0,1,10,0,0,0,0,0
3,2,30,0,0,0,0,0
0,1,7,0,0,0,0,0
15,2,140,3,5,0,0,0
0,3,78,4,1,0,0,0
7,3,241,5,2,1,0,0
0,1,11,0,0,0,0,0
0,1,3,0,0,0,0,0
26,1,86,2,2,0,0,0
9,23,214,12,1,7,0,0
19,2,147,2,2,0,0,0
2,1,8,0,0,0,0,0
3,6,40,0,5,0,0,1
2,1,41,1,0,0,0,0
5,1,74,1,1,0,0,0
6,1,27,0,1,0,0,0
12,1,87,3,1,0,0,0
3,1,9,2,0,0,1,0
2,0,40,0,0,0,0,0
0,1,10,1,0,0,0,0
0,0,6,0,0,0,0,0
37,2,118,2,0,0,0,0
3,1,46,0,0,0,0,0
1,0,18,0,0,0,0,0
3,2,18,0,0,0,0,0
3,2,36,0,0,0,0,0
0,2,11,0,0,0,0,0
0,1,25,0,0,0,0,0
2,2,8,0,0,0,0,0
0,1,17,0,0,0,0,0
0,0,8,0,0,0,0,0
0,1,14,0,0,0,0,0
0,1,11,0,0,0,0,0
0,1,10,0,0,0,0,0
0,0,16,0,0,0,0,0
1,0,45,2,0,0,0,0
4,8,71,1,0,0,0,0
1,0,8,0,0,0,0,0
23,0,100,3,0,0,0,0
2,0,5,0,0,0,0,0
4,0,21,0,0,0,0,0
0,0,5,0,0,0,0,0
1,0,17,1,0,0,0,0
0,2,53,1,0,0,0,0
2,0,5,0,0,0,0,0
0,0,63,2,0,0,0,0
63,2,189,7,0,0,0,0
0,0,6,0,0,0,0,0
0,0,8,0,0,0,0,0
0,0,4,0,0,0,0,0
13,4,110,7,1,0,0,0
27,4,132,3,1,0,0,0
1,67,94,0,3,0,0,0
0,0,10,0,0,0,0,0
1,0,8,0,0,0,0,0
4,3,72,0,0,0,0,0
1,0,5,0,0,0,0,0
0,2,7,0,0,0,0,0
45,2,110,1,1,0,1,0
2,3,35,1,1,0,0,0
0,1,15,1,1,0,0,0
0,1,6,0,0,0,0,0
11,0,58,1,2,0,0,0
7,0,25,0,0,0,0,0
4,0,6,0,0,0,0,0
233,6,403,6,10,0,0,0
5,1,65,1,0,0,0,0
2,0,12,0,0,0,0,0
1,0,4,0,0,0,0,0
5,1,56,1,0,0,0,0
5,0,45,0,1,0,0,0
1,0,6,1,0,0,0,0
1,0,8,0,0,0,0,0
6,0,38,0,0,0,0,0
3,0,179,4,3,0,0,0
0,0,5,0,0,0,0,0
2,1,66,3,1,0,0,0
40,2,162,5,1,0,0,0
0,1,28,1,0,0,0,0
4,1,28,0,0,0,0,0
0,0,9,0,0,0,0,0
3,0,81,1,0,0,0,0
7,1,167,4,4,0,0,0
3,1,12,0,0,0,1,0
16,1,163,3,3,0,0,0
6,0,187,8,4,1,0,0
1,0,7,0,0,0,0,0
0,2,24,0,0,0,0,0
0,0,19,0,0,0,0,0
8,0,33,0,0,0,0,0
5,0,21,1,0,0,0,0
3,0,5,0,0,0,0,0
5,0,453,20,1,0,0,0
5,2,60,1,0,0,0,0
4,0,5,0,0,0,0,0
0,0,6,0,0,0,0,0
15,2,214,2,0,0,0,0
2,0,8,0,0,0,0,0
11,0,554,14,0,0,0,0
0,0,8,0,0,0,0,0
0,0,3,0,0,0,0,0
3,0,72,1,0,0,0,0
4,3,224,7,1,0,0,0
8,0,215,3,1,0,0,0
0,0,6,0,0,0,0,0
0,0,8,0,0,0,0,0
0,1,6,0,0,0,0,0
2,0,7,0,0,0,0,0
0,0,14,0,0,0,0,0
16,3,204,11,7,0,0,0
14,0,150,3,1,0,0,0
0,0,11,0,0,0,3,0
0,0,13,0,0,0,0,0
0,0,5,0,0,0,0,0
0,0,10,0,0,0,0,0
0,0,3,0,0,0,0,0
0,0,11,0,0,0,0,0
2,1,31,0,0,0,0,0
1,1,7,0,0,0,0,0
5,1,91,0,0,0,0,0
3,1,57,0,0,0,0,0
0,0,3,0,0,0,0,0
0,0,7,0,0,0,0,0
3,0,93,1,1,0,0,0
0,0,9,0,0,0,0,0
27,2,517,36,3,1,0,0
0,0,11,0,0,0,0,0
10,0,14,1,0,0,0,0
1,0,71,3,0,0,0,0
0,0,5,0,0,0,0,0
2,0,69,0,1,0,0,0
2,1,52,0,2,0,0,0
0,0,7,0,0,0,0,0
0,7,38,0,0,0,0,0
12,0,128,2,0,0,0,0
1,0,4,0,0,0,0,0
12,1,57,1,1,0,0,0
1,0,12,0,0,0,0,0
3,0,37,0,0,0,0,0
5,0,69,0,0,0,0,0
3,0,33,0,0,0,0,0
0,0,20,0,0,0,0,0
3,1,8,0,0,0,0,0
3,0,20,0,0,0,0,0
0,0,12,0,0,0,0,0
58,0,392,15,0,0,0,0
1,1,35,1,0,0,0,0
3,0,18,1,0,0,0,0
4,0,14,0,0,0,0,0
0,0,11,0,0,0,0,0
1,0,8,0,0,0,0,0
0,1,13,1,0,0,0,0
9,0,68,1,0,0,0,0
2,0,53,2,0,0,0,0
2,0,16,0,0,0,0,0
3,0,29,1,0,0,0,0
9,1,80,2,4,0,0,0
2,0,31,0,0,0,0,0
1,0,10,0,0,0,0,0
4,0,387,4,0,0,0,0
1,0,53,1,0,0,0,0
0,0,83,2,0,0,0,0
0,0,40,1,0,0,0,0
9,0,92,0,0,0,0,0
2,0,25,0,0,0,0,0
3,0,32,0,0,0,0,0
1,0,62,2,0,0,0,0
6,3,75,0,0,0,0,0
11,0,137,2,4,1,0,0
5,0,92,1,5,1,0,0
3,3,159,2,2,1,0,0
9,0,24,0,0,0,1,0
5,0,89,0,3,0,0,0
10,1,106,1,0,0,1,0
8,0,135,4,5,0,0,0
0,0,30,0,0,0,0,0
0,1,67,1,1,0,0,0
0,0,26,0,0,0,0,0
0,0,7,0,0,0,0,0
1,0,22,0,0,0,0,0
7,0,112,0,1,0,0,0
0,1,39,1,0,0,0,0
4,0,94,3,3,0,0,0
7,0,61,2,1,0,0,0
0,0,34,1,1,0,1,0
2,0,10,0,1,0,0,0
0,0,3,0,1,0,0,0
1,0,15,0,1,0,0,0
0,0,5,0,0,0,0,0
0,0,21,0,0,0,0,0
1,2,9,0,0,0,0,0
0,1,12,0,0,0,0,0
3,1,40,2,1,0,0,0
0,0,13,0,0,0,0,0
3,1,19,0,0,0,0,0
4,0,12,1,0,0,0,0
1,0,11,0,0,0,0,0
2,0,10,0,0,0,0,0
0,0,10,0,0,0,0,0
0,0,2,0,0,0,0,0
0,0,1,0,0,0,0,0
0,0,17,0,0,0,0,0
0,0,20,0,0,0,0,0
7,0,29,0,0,0,0,0
1,0,3,0,0,0,0,0
0,0,3,0,0,0,0,0
3,0,12,0,0,0,0,0
0,0,0,0,0,0,0,0
0,0,2,0,0,0,0,0
0,0,1,0,0,0,0,0
0,0,3,0,0,0,0,0
0,0,2,0,0,0,0,0
0,0,1,0,0,0,0,0
0,0,0,0,0,0,0,0
0,1,2,0,0,0,0,0
0,0,0,0,0,0,0,0
1,0,2,0,0,0,0,0
4,0,23,0,0,0,0,0
0,0,1,0,0,0,0,0
3,0,3,0,0,0,0,0
2,0,2,0,0,0,0,0
0,0,11,1,0,0,0,0
0,0,8,1,0,0,0,0
14,2,31,0,0,0,0,0
4,0,22,0,0,0,0,0
2,0,20,0,0,0,0,0
0,0,4,0,0,0,0,0
3,0,44,3,0,0,0,1
0,0,3,0,0,0,0,0
0,0,20,1,0,0,0,0
8,0,26,0,0,0,0,0
2,0,12,0,0,0,0,0
0,0,0,0,0,0,0,0
11,0,44,0,0,0,0,0
32,1,64,0,0,0,0,0
0,0,3,0,0,0,0,0
0,0,3,0,0,0,0,0
0,0,17,0,0,0,0,0
4,0,20,1,0,0,0,0
0,0,6,1,1,0,0,0
4,18,333,2,1,0,0,0
0,0,6,0,0,0,0,0
0,0,2,0,0,0,0,0
0,0,2,0,0,0,0,0
0,0,4,0,0,0,0,0
0,0,12,0,0,0,0,0
0,0,2,0,0,0,0,0
0,0,4,0,0,0,0,0
0,0,0,0,0,0,0,0
0,0,5,0,0,0,0,0
0,0,0,0,0,0,0,0
0,0,2,0,0,0,0,0
0,0,8,0,0,0,0,0
0,0,2,0,0,0,0,0
0,0,7,0,0,0,0,0
0,0,5,0,0,0,0,0
0,1,5,0,0,0,0,0
0,0,0,0,0,0,0,0
0,0,1,0,0,0,0,0
0,0,0,0,0,0,0,0
0,0,0,0,0,0,0,0
0,0,4,0,0,0,0,0
0,0,1,0,0,0,0,0
0,0,2,0,0,0,0,0
0,0,5,0,0,0,0,0
0,0,3,0,0,0,0,0
0,0,1,0,0,0,0,0
0,0,2,0,0,0,0,0
3,88,601,3,0,22,0,0
0,3,12,0,0,0,0,0
0,0,8,0,0,0,0,0
0,0,0,0,0,0,0,0
0,0,2,0,0,0,0,0
0,0,1,0,0,0,0,0
0,0,7,0,0,0,0,0
0,0,1,0,0,0,0,0
0,0,1,0,0,0,0,0
0,0,15,0,0,0,0,0
0,0,10,0,0,0,0,0
0,0,3,0,0,0,0,0
0,1,5,1,0,0,0,0
0,0,4,0,0,0,0,0
0,0,0,0,0,0,0,0
0,0,0,0,0,0,0,0
0,0,3,0,0,0,0,0
0,0,3,0,0,0,0,0
0,0,3,0,0,0,0,0
0,0,1,0,0,0,0,0
0,0,3,0,0,0,0,0
1,0,4,0,0,0,0,0
0,0,1,0,0,0,0,0
0,0,3,0,0,0,0,0
0,0,2,0,0,0,0,0
0,0,4,0,0,0,0,0
0,0,1,0,0,0,0,0
0,0,0,0,0,0,0,0
0,0,1,0,0,0,0,0
0,0,3,0,0,0,0,0
0,0,1,0,0,0,0,0
0,0,1,0,0,0,0,0
0,0,13,0,0,0,0,0
0,0,0,0,0,0,0,0
0,0,4,0,0,0,0,0
0,0,3,0,0,0,0,0
0,0,1,0,0,0,0,0
0,0,1,0,0,0,0,0
0,0,2,0,0,0,0,0
0,0,5,0,0,0,0,0
0,0,10,0,0,0,0,0
0,0,1,0,0,0,0,0
0,0,1,0,0,0,0,0
0,0,6,0,0,0,0,0
0,0,0,0,0,0,0,0
0,0,0,0,0,0,0,0
0,0,2,0,0,0,0,0
0,0,10,0,0,0,0,0
0,0,1,0,0,0,0,0
0,0,2,0,0,0,0,0
0,0,2,0,0,0,0,0
1,0,6,0,0,0,0,0
0,0,1,0,0,0,0,0
0,0,1,0,0,0,0,0
0,0,1,0,0,0,0,0
1,0,6,0,0,0,0,0
0,0,2,0,0,0,0,0
0,0,1,0,0,0,0,0
0,0,2,0,0,0,0,0
0,0,4,0,0,0,0,0
0,0,2,0,0,0,0,0
0,0,1,0,0,0,0,0
0,0,1,0,0,0,0,0
0,0,1,0,0,0,0,0
0,0,2,0,0,0,0,0
1,0,0,0,1,0,0,0
0,0,2,0,0,0,0,0
0,0,4,0,0,0,0,0
0,0,1,0,0,0,0,0
0,0,2,0,0,0,0,0
0,0,2,0,0,0,0,0
0,0,0,0,0,0,0,0
0,0,2,0,0,0,0,0
0,0,3,0,0,0,0,0
0,0,1,0,0,0,0,0
0,0,3,0,0,0,0,0
0,0,2,0,0,0,0,0
0,0,1,0,0,0,0,0
0,0,3,0,0,0,0,0
0,0,3,0,0,0,0,0
3,1,3,0,0,0,0,0
0,0,2,0,0,0,0,0
0,1,1,0,0,0,0,0
0,0,0,0,0,0,0,0
0,0,2,0,0,0,0,0
0,0,2,0,0,0,0,0
0,0,0,0,0,0,0,0
0,0,1,0,0,0,0,0
0,0,2,0,0,0,0,0
0,0,2,0,0,0,0,0
0,0,3,0,0,0,0,0
0,0,1,0,0,0,0,0
0,0,2,2,0,0,0,0
0,0,5,0,0,0,0,0
0,3,4,0,0,0,0,0
226,5,515,5,9,0,0,0
54,1,362,7,4,0,0,0
34,1,309,3,3,0,0,0
11,104,616,6,0,2,0,0
33,5,1775,29,6,8,0,0
133,4,865,5,6,0,0,0
31,1,182,2,1,0,0,0
29,3,323,2,3,23,1,0
25,2,549,7,7,2,0,0
47,3,350,4,4,1,0,0
40,5,420,6,0,0,0,0
97,3,2344,41,17,0,0,0
37,3,250,5,3,0,0,0
22,2,191,3,0,1,0,0
28,5,554,4,4,1,0,0
63,3,694,7,6,0,0,0
5,2,209,3,1,0,0,0
65,3,280,1,6,0,0,0
69,5,260,6,7,0,0,0
158,8,562,10,4,0,0,0
0,1,286,7,0,0,0,0
20,0,545,6,28,1,1,0
35,2,733,7,11,0,0,0
51,6,1367,9,10,0,0,0
58,17,420,7,6,1,0,0
8,48,278,0,13,97,1,2
29,4,277,3,0,0,0,0
70,2,335,4,5,1,0,0
31,5,291,1,4,0,0,0
19,1,174,5,7,0,0,0
12,2,348,4,5,1,0,0
5,61,356,0,1,57,0,0
88,0,415,3,10,1,0,0
18,1,134,2,0,0,0,0
4,2,123,1,0,1,0,0
18,2,246,3,2,0,0,0
9,1,157,1,0,0,0,0
16,1,171,3,3,0,0,0
38,2,260,0,12,2,1,12
7,42,148,0,2,3,0,0
18,1,211,1,2,0,0,0
51,0,770,23,12,1,0,0
37,6,303,5,4,0,0,0
30,5,237,3,4,0,0,0
64,8,627,8,2,0,0,0
15,0,188,4,3,0,0,0
43,3,281,4,2,0,0,0
59,3,341,6,10,0,0,0
27,1,176,4,2,0,0,0
51,4,301,5,1,0,0,0
89,4,391,8,4,0,0,0
24,1,209,2,0,0,0,0
46,1,285,0,8,7,0,0
29,3,278,4,5,0,0,0
19,1,211,7,1,0,4,0
15,0,179,2,0,0,0,0
3,0,54,1,1,0,0,0
48,3,367,4,6,0,1,0
87,10,383,5,9,0,0,0
76,4,382,9,6,0,0,0
49,1,862,40,38,0,0,0
8,0,136,2,0,0,0,0
5,1,78,0,0,0,0,0
5,4,123,1,4,0,0,0
32,4,302,2,2,0,0,0
12,1,123,1,4,0,0,0
9,0,115,2,1,1,0,0
5,2,92,0,3,0,1,0
66,2,348,3,3,0,0,0
11,1,114,7,0,0,0,0
9,1,90,0,3,0,1,0
15,5,158,0,6,0,0,0
34,1,326,12,4,0,0,0
13,0,159,4,0,0,0,0
11,0,71,1,1,0,0,0
17,1,241,3,1,2,0,0
3,0,50,3,0,0,0,0
31,1,144,4,7,0,0,0
27,0,414,10,6,1,0,0
18,0,183,4,0,0,0,0
20,0,104,0,1,0,0,0
16,0,97,2,0,0,0,0
65,16,306,4,6,0,0,0
5,0,87,2,2,0,0,0
9,1,147,1,3,0,0,0
10,1,319,4,1,1,0,0
4,0,68,0,0,0,0,0
2,0,43,0,0,0,0,0
1,0,34,0,0,0,0,0
9,15,497,1,2,0,0,0
0,0,15,0,0,0,0,0
0,15,35,0,0,0,0,0
0,15,5,0,0,0,0,0
0,15,5,0,0,0,0,0
0,15,2,0,0,0,0,0
1,1,25,0,0,0,0,0
1,1,1,0,0,0,0,0
0,0,0,1,0,0,0,0
1,0,0,1,0,0,0,0
1,0,10,0,0,0,0,0
112,22,788,4,7,0,0,0
50,0,16,0,0,0,0,0
144,5,1166,17,22,0,0,1
176,11,1057,6,26,1,0,0
24,2,346,4,0,0,0,0
33,25,807,3,5,0,0,1
5,6,379,2,2,0,0,0
0,10,363,0,0,0,0,0
19,24,947,3,2,0,0,0
5,8,342,0,1,0,0,0
19,24,947,3,2,0,0,0
46,14,649,2,3,0,1,0
14,3,658,1,1,0,0,0
133,2,391,1,0,0,0,0
151,3,415,2,0,0,0,0
130,0,230,1,0,0,0,0
48,1,137,4,2,0,0,0
34,0,144,2,0,0,0,0
117,1,236,1,0,0,0,0
116,13,2058,14,29,0,0,0
66,14,1463,9,18,1,0,0
1,2,186,2,0,0,0,0
28,14,594,2,2,0,0,0
80,10,737,1,6,0,0,0
34,6,572,4,4,0,0,0
31,2,755,6,9,0,0,0
67,2,806,0,4,0,2,0
193,12,2092,18,38,1,0,0
51,7,1125,4,16,0,0,0
36,6,496,2,0,0,0,0
25,1,481,3,0,0,0,0
73,1,605,4,3,0,0,0
73,1,417,3,2,0,0,1
61,19,580,5,0,1,0,0
28,10,377,6,0,0,0,0
56,9,279,0,0,0,0,0
35,7,317,0,0,0,0,0
42,5,129,4,0,0,0,0
100,4,366,0,3,0,0,0
105,2,502,8,7,0,0,0
28,0,390,3,3,0,0,0
75,0,418,4,9,0,0,0
46,7,329,0,0,0,0,0
59,1,436,1,2,0,0,0
57,13,336,1,0,0,0,0
24,0,114,1,0,0,0,0
32,3,233,3,1,0,0,0
17,1,117,2,0,0,0,0
18,0,161,3,6,0,0,0
2,1,42,0,2,0,0,0
0,0,2,0,0,0,0,0
4,0,2,0,0,0,0,0
0,1,9,0,0,0,0,0
1,1,19,0,0,0,0,0
0,0,24,0,1,0,0,0
0,1,31,0,0,0,0,0
0,0,25,0,0,0,0,0
0,0,18,0,0,0,0,0
1,0,40,0,1,0,0,0
1,0,38,0,0,0,0,0
3,0,29,0,0,0,0,0
0,0,22,0,0,0,0,0
0,0,13,0,0,0,0,0
0,0,12,0,0,0,0,0
0,0,12,0,0,0,0,0
0,0,9,0,0,0,0,0
0,0,11,0,0,0,0,0
0,0,8,0,0,0,0,0
2,0,23,0,0,0,0,0
0,0,19,0,0,0,0,0
0,0,26,0,0,0,0,0
1,0,27,0,0,0,0,0
0,0,14,0,0,0,0,0
1,0,20,0,0,0,0,0
0,0,19,0,0,0,0,0
0,0,10,0,0,0,0,0
2,0,9,0,0,0,0,0
0,0,15,0,0,0,0,0
0,0,31,0,0,0,0,0
2,0,23,0,0,0,0,0
0,0,25,0,0,0,0,0
0,0,18,0,0,0,0,0
0,0,26,0,0,0,0,0
1,0,29,0,0,0,0,0
0,0,19,0,0,0,0,0
0,0,35,0,0,0,0,0
0,0,14,0,0,0,0,0
0,0,27,0,0,0,0,0
0,0,17,0,0,0,0,0
1,0,14,0,0,0,0,0
0,0,12,0,0,0,0,0
0,1,32,0,0,0,0,0
1,0,40,0,0,0,0,0
0,0,19,1,0,0,0,0
0,0,20,0,0,0,0,0
0,1,19,0,0,0,0,0
0,0,46,0,0,0,0,0
0,0,26,0,0,0,0,0
0,0,14,0,0,0,0,0
0,0,9,1,0,0,0,0
0,0,11,0,0,0,0,0
0,0,18,0,0,0,0,0
1,0,12,0,0,0,0,0
2,0,35,0,0,0,0,0
0,0,14,0,0,0,0,0
0,0,27,1,0,0,0,0
0,0,24,0,0,0,0,0
0,0,33,0,0,0,0,0
0,0,16,1,0,0,0,0
0,0,33,0,0,0,0,0
0,0,39,0,0,0,0,0
1,0,11,0,0,0,0,0
0,0,16,0,0,0,0,0
0,1,31,0,0,0,0,0
1,0,40,0,0,0,0,0
3,1,22,0,0,0,0,0
0,0,24,0,1,0,0,0
0,1,25,0,0,0,0,0
0,0,24,1,0,0,0,0
1,0,14,0,0,0,0,0
1,1,52,0,0,0,0,0
0,0,26,0,0,0,0,0
0,0,10,0,0,0,0,0
1,0,15,0,0,0,0,0
0,0,16,0,0,0,0,0
3,0,15,1,0,0,0,0
2,0,36,1,0,0,0,0
2,0,26,0,0,0,0,0
0,0,32,0,0,0,0,0
2,1,16,1,0,0,0,0
1,0,19,0,0,0,0,0
0,0,18,0,0,0,0,0
2,0,38,0,0,0,0,0
0,0,29,0,0,0,0,0
1,0,32,0,0,0,0,0
0,0,22,0,0,0,0,0
1,3,13,0,0,0,0,0
0,0,26,0,0,0,0,0
1,0,23,0,0,0,0,0
0,0,19,0,0,0,0,0
0,0,11,0,0,0,0,0
0,0,3,0,0,0,0,0
1,1,40,0,0,0,0,0
0,0,17,0,0,0,0,0
2,0,31,1,0,0,0,0
0,0,12,0,0,0,0,0
1,0,20,0,0,0,0,0
0,0,13,0,0,0,0,0
0,1,29,0,0,0,0,0
0,1,35,0,0,0,0,0
0,0,24,0,0,0,0,0
1,2,21,0,0,0,0,0
0,0,15,0,0,0,0,0
1,0,17,0,0,0,0,0
0,0,32,0,0,0,0,0
1,0,25,0,0,0,0,0
2,1,42,0,0,0,0,0
1,0,22,0,0,0,0,0
0,0,24,0,0,0,0,0
0,0,12,0,0,0,0,0
1,0,34,0,0,0,0,0
0,0,33,0,0,0,0,0
1,0,13,0,0,0,0,0
0,1,26,0,0,0,0,0
0,0,13,0,0,0,0,0
0,0,18,0,0,0,0,0
0,0,24,0,0,0,0,0
1,0,18,0,0,0,0,0
0,0,8,0,0,0,0,0
0,0,13,0,0,0,0,0
0,0,20,1,0,0,0,0
0,0,18,0,0,0,0,0
0,0,10,0,0,0,0,0
1,0,28,0,0,0,0,0
1,0,19,0,0,0,0,0
0,0,20,0,0,0,0,0
0,0,15,0,0,0,0,0
0,0,9,0,0,0,0,0
0,1,21,1,0,0,0,0
1,1,12,0,0,0,0,0
0,0,15,0,0,0,0,0
0,0,17,0,0,0,0,0
0,0,17,0,0,0,0,0
0,0,16,0,0,0,0,0
0,0,15,0,0,0,0,0
0,0,31,0,0,0,0,0
0,0,20,0,0,0,0,0
0,0,11,0,0,0,0,0
0,0,33,0,1,0,0,0
0,0,18,0,0,0,0,0
0,1,14,1,0,0,0,0
0,0,18,0,0,0,0,0
1,2,42,1,0,0,0,0
0,0,28,0,0,0,0,0
1,0,26,0,0,0,0,0
0,0,11,0,0,0,0,0
0,0,13,0,0,0,0,0
0,1,14,0,0,0,0,0
0,1,23,0,0,0,0,0
0,0,10,0,0,0,0,0
0,0,16,0,0,0,0,0
0,0,9,0,0,0,0,0
2,0,18,0,0,0,0,0
0,0,2,0,0,0,0,0
0,0,10,0,0,0,0,0
0,0,16,0,0,0,0,0
0,0,10,0,0,0,0,0
1,1,20,0,0,0,0,0
0,0,6,0,0,0,0,0
1,0,33,0,0,0,0,0
3,0,24,0,0,0,0,0
1,0,39,0,0,0,0,0
0,0,38,0,0,0,0,0
1,0,24,1,0,0,0,0
0,0,19,0,0,0,0,0
1,0,37,0,0,0,0,0
0,0,7,0,0,0,0,0
0,0,20,0,0,0,0,0
0,0,17,0,0,0,0,0
0,2,22,0,0,0,0,0
1,0,23,0,0,0,0,0
0,2,46,0,0,0,0,0
1,5,27,1,0,0,0,0
0,0,15,0,0,0,0,0
0,0,33,0,0,0,0,0
0,0,10,0,0,0,0,0
0,0,11,0,0,0,0,0
0,1,27,0,0,0,0,0
0,0,11,0,0,0,0,0
2,0,26,0,0,0,0,0
0,0,12,0,0,0,0,0
0,0,10,0,0,0,0,0
0,0,7,0,0,0,0,0
0,0,95,0,0,0,0,0
0,0,14,0,0,0,0,0
0,1,24,0,0,0,0,0
0,0,6,0,0,0,0,0
0,1,35,0,0,0,0,0
0,1,28,0,0,0,0,0
0,1,13,0,0,0,0,0
0,2,11,0,0,0,0,0
0,0,12,0,0,0,0,0
0,1,17,0,0,0,0,0
0,0,24,0,0,0,0,0
0,0,7,1,0,0,0,0
1,0,19,0,0,0,0,0
0,0,24,0,0,0,0,0
0,0,17,0,1,0,0,0
0,0,13,0,0,0,0,0
0,0,12,1,1,0,0,0
1,2,30,0,0,0,0,0
0,1,25,0,0,0,0,0
0,0,20,0,0,0,0,0
1,0,16,0,0,0,0,0
0,0,17,0,1,0,0,0
0,1,14,0,0,0,0,0
1,1,18,0,0,0,0,0
1,0,28,0,0,0,0,0
1,0,23,0,0,0,0,0
0,0,12,0,0,0,0,0
2,0,26,0,0,0,0,0
1,0,15,0,0,0,0,0
0,0,19,0,0,0,0,0
2,2,41,0,0,0,0,0
0,0,11,0,0,0,0,0
0,1,18,0,0,0,0,0
0,0,29,0,0,0,0,0
0,0,7,1,0,0,0,0
0,0,19,0,0,0,0,0
1,0,39,0,0,0,0,0
2,1,41,0,0,0,0,0
0,0,17,0,0,0,0,0
0,0,20,1,0,0,0,0
0,1,9,0,0,0,0,0
2,1,17,1,0,0,0,0
0,0,11,0,0,0,0,0
2,1,18,0,1,0,0,0
0,1,9,0,0,0,0,0
0,1,19,0,0,0,0,0
0,1,25,0,0,0,0,0
2,0,19,0,0,0,0,0
0,0,18,0,0,0,0,0
0,0,15,0,0,0,0,0
0,0,16,1,0,0,0,0
0,0,9,0,0,0,0,0
0,1,30,0,0,0,0,0
0,0,21,0,0,0,0,0
0,0,15,0,0,0,0,0
0,0,28,0,0,0,0,0
2,1,9,0,0,0,0,0
1,1,30,0,0,0,0,0
0,0,29,0,0,0,0,0
0,0,23,0,0,0,0,0
0,1,24,0,0,0,0,0
0,0,13,0,0,0,0,0
0,0,8,0,0,0,0,0
1,1,20,0,0,0,0,0
0,0,15,0,0,0,0,0
0,0,15,0,0,0,0,0
0,0,9,0,0,0,0,0
0,0,13,0,0,0,0,0
6,29,78,0,0,8,0,0
1,0,29,0,0,0,0,0
0,1,25,0,0,0,0,0
0,0,14,0,0,0,0,0
0,1,22,0,0,0,0,0
0,0,33,0,0,0,0,0
1,0,21,0,0,0,0,0
0,0,14,0,0,0,0,0
1,1,47,1,0,0,0,0
0,1,8,0,0,0,0,0
0,0,7,0,0,0,0,0
0,0,8,0,0,0,0,0
0,0,14,0,0,0,0,0
0,0,22,0,0,0,0,0
0,0,14,0,0,0,0,0
0,0,14,0,0,0,0,0
1,0,19,0,0,0,0,0
5,0,37,0,1,0,0,0
0,0,12,0,0,0,0,0
0,0,12,0,0,0,0,0
0,0,11,0,0,0,0,0
0,0,15,0,0,0,0,0
0,1,13,0,0,0,0,0
0,1,26,0,0,0,0,0
0,0,10,0,0,0,0,0
0,1,9,0,0,0,0,0
0,1,24,0,0,0,0,0
0,0,14,0,0,0,0,0
3,2,66,0,0,0,0,0
0,0,24,0,0,0,0,0
0,1,18,0,0,0,0,0
1,1,9,0,0,0,0,0
0,1,25,0,0,0,0,0
0,0,28,0,0,0,0,0
0,0,19,0,1,0,0,0
0,0,43,0,0,0,0,0
0,1,36,0,0,0,0,0
0,1,27,0,0,0,0,0
0,0,10,1,0,0,0,0
1,0,11,0,0,0,0,0
1,0,28,0,0,0,0,0
0,0,43,0,0,0,0,0
1,0,20,0,0,0,0,0
1,0,18,0,0,0,0,0
1,0,25,1,0,0,0,0
0,0,28,0,0,0,0,0
1,0,28,0,0,0,0,0
0,0,29,0,0,0,0,0
0,0,29,0,0,0,0,0
0,0,16,0,1,0,0,0
0,0,22,0,0,0,0,0
2,0,20,0,1,0,0,0
1,0,20,0,0,0,0,0
0,0,19,1,0,0,0,0
0,0,51,0,0,0,0,0
0,0,29,0,0,0,0,0
0,2,24,0,0,0,0,0
2,0,39,1,0,0,0,0
0,2,40,0,0,0,0,0
0,0,22,1,0,0,0,0
0,0,15,0,0,0,0,0
0,0,17,0,0,0,0,0
0,0,7,0,1,0,0,0
0,0,35,0,0,0,0,0
1,0,21,0,0,0,0,0
1,1,25,0,0,0,0,0
0,0,13,0,0,0,0,0
0,4,88,0,0,7,0,0
1,2,53,0,0,0,0,0
1,0,43,0,0,0,0,0
0,0,17,0,0,0,0,0
0,0,20,0,0,0,0,0
0,0,16,1,0,0,0,0
0,0,6,0,0,0,0,0
2,0,21,0,0,0,0,0
0,0,36,0,0,0,0,0
0,0,17,0,0,0,0,0
0,1,29,0,0,0,0,0
0,0,37,0,0,1,0,0
0,0,18,0,0,0,0,0
0,1,19,0,0,0,0,0
0,0,15,0,0,0,0,0
0,0,6,0,0,0,0,0
0,0,14,0,0,0,0,0
0,0,26,0,0,0,0,0
0,0,20,0,0,0,0,0
0,1,18,1,0,0,0,0
0,1,29,0,0,0,0,0
0,0,23,0,0,0,0,0
0,0,7,0,0,0,0,0
0,0,17,1,0,0,0,0
0,1,7,1,0,0,0,0
0,0,6,0,0,0,0,0
0,0,22,0,0,0,0,0
0,1,26,0,0,0,0,0
0,0,10,0,0,0,0,0
0,0,13,0,0,0,0,0
1,0,23,1,0,0,0,0
4,2,48,0,0,0,0,0
0,0,13,0,0,0,0,0
0,0,15,0,0,0,0,0
0,0,25,0,0,0,0,0
1,0,22,0,0,0,0,0
0,0,19,0,0,0,0,0
0,0,14,0,0,0,0,0
0,0,27,0,0,0,0,0
1,0,22,1,0,0,0,0
1,0,32,0,0,0,0,0
1,0,21,0,0,0,0,0
1,0,38,0,0,0,0,0
1,0,21,1,0,0,0,0
1,1,46,0,0,0,0,0
0,0,24,0,0,0,0,0
0,0,5,0,0,0,0,0
1,0,19,0,0,0,0,0
0,0,13,1,0,0,0,0
0,0,28,0,0,0,0,0
1,0,25,0,0,0,0,0
0,0,46,0,0,0,0,0
0,0,18,0,0,0,0,0
0,0,11,0,0,0,0,0
0,0,7,0,0,0,0,0
0,1,18,0,0,0,0,0
1,0,41,0,0,0,0,0
0,0,29,0,0,0,0,0
0,1,14,0,0,0,0,0
0,0,30,0,0,0,0,0
0,0,13,0,0,0,0,0
0,1,38,0,0,0,0,0
5,5,35,1,0,0,0,0
0,0,19,0,0,0,0,0
0,0,35,0,0,0,0,0
1,0,34,0,0,0,0,0
1,0,21,0,0,0,0,0
3,0,18,0,0,0,0,0
2,1,76,0,0,0,0,0
0,0,44,0,0,0,0,0
1,1,29,0,0,0,0,0
0,0,15,1,0,0,0,0
0,0,38,0,0,0,0,0
0,0,9,0,0,0,0,0
0,0,58,1,0,0,0,0
0,0,21,1,0,0,0,0
0,0,18,0,0,0,0,0
2,0,71,1,0,0,0,0
0,0,12,0,0,0,0,0
0,0,13,0,0,0,0,0
3,0,38,0,0,0,0,0
1,1,37,0,0,0,0,0
0,0,19,0,0,0,0,0
0,1,29,1,0,0,0,0
3,0,61,1,1,0,0,0
0,1,32,0,0,0,0,0
4,3,50,0,0,0,0,0
1,0,23,0,0,0,0,0
0,0,25,0,0,0,0,0
0,0,16,0,0,0,0,0
0,0,25,0,0,0,0,0
0,0,19,0,0,0,0,0
0,0,10,0,0,0,0,0
1,0,32,1,0,0,0,0
0,3,551,1,0,0,0,0
9,2,169,1,2,0,0,0
0,0,9,0,0,0,0,0
0,0,27,0,0,0,0,0
3,0,475,2,0,0,0,0
0,0,7,0,0,0,0,0
1,0,248,1,0,1,0,0
1,0,27,0,0,0,0,0
0,1,22,0,0,0,0,0
0,1,25,0,0,0,0,0
4,0,29,0,0,0,0,0
0,0,17,0,0,0,0,0
0,1,203,3,3,0,0,0
1,0,23,0,0,0,0,0
0,1,40,1,0,0,0,0
0,0,11,0,0,0,0,0
0,1,143,0,0,0,0,0
0,0,13,0,0,0,0,0
0,0,11,0,0,0,0,0
0,0,10,0,0,0,0,0
1,0,8,0,0,0,0,0
0,0,13,0,0,0,0,0
1,0,21,0,0,0,0,0
0,0,12,0,0,0,0,0
0,0,26,0,0,0,0,0
0,0,21,0,0,0,0,0
2,1,33,0,0,0,0,0
1,0,23,0,0,0,0,0
4,0,60,0,0,0,0,0
8,3,100,2,0,0,0,0
0,0,48,0,1,0,0,0
2,0,40,0,1,0,0,0
2,0,31,0,1,0,0,0
0,0,16,1,0,0,0,0
0,0,21,0,0,0,0,0
1,0,26,0,0,0,0,0
1,0,29,0,0,0,0,0
0,0,13,1,0,0,0,0
0,0,17,1,0,0,0,0
0,0,18,0,0,0,0,0
1,0,9,0,0,0,0,0
1,0,32,2,0,0,0,0
3,0,21,1,0,0,0,0
0,0,27,0,0,0,0,0
0,0,12,1,0,0,0,0
1,0,23,1,0,0,0,0
0,1,15,1,0,0,0,0
0,2,29,0,0,0,0,0
0,1,27,0,0,0,0,0
0,0,7,0,0,0,0,0
0,0,17,1,1,0,0,0
0,0,18,0,0,0,0,0
1,0,6,0,0,0,0,0
0,0,8,0,0,0,0,0
0,0,15,0,0,0,0,0
0,0,13,0,0,0,0,0
0,0,19,1,1,0,0,0
0,0,9,1,0,0,0,0
0,0,18,1,0,0,0,0
0,0,18,1,0,0,0,0
0,1,11,0,0,0,0,0
0,2,7,0,0,0,0,0
1,0,21,0,1,0,0,0
0,0,9,0,0,0,0,0
2,0,21,0,0,0,0,0
0,0,22,0,0,0,0,0
1,0,21,0,0,0,0,0
2,0,26,0,0,0,0,0
0,1,23,0,0,0,0,0
3,0,16,0,0,0,0,0
0,0,4,0,0,0,0,0
0,0,28,0,0,0,0,0
0,1,11,0,0,0,0,0
0,0,5,0,0,0,0,0
0,0,8,0,0,0,0,0
0,0,12,0,0,0,0,0
0,1,21,2,0,0,0,0
0,0,12,0,0,0,0,0
0,0,12,0,0,0,0,0
2,2,45,1,0,0,0,0
2,1,16,0,0,0,0,0
0,0,17,0,0,1,0,0
2,1,13,0,0,0,0,0
0,0,12,1,0,0,0,0
0,0,2,0,0,0,0,0
0,0,2,1,0,0,0,0
0,0,12,1,0,0,0,0
0,0,9,0,0,0,0,0
3,0,17,1,0,0,0,0
1,0,16,0,0,0,0,0
0,0,6,0,0,0,0,0
1,0,15,0,0,0,0,0
0,0,7,0,0,0,0,0
0,0,10,1,0,0,0,0
0,1,7,0,0,0,0,0
0,0,1,0,0,0,0,0
1,0,8,0,0,0,0,0
0,0,7,0,0,0,0,0
0,0,10,0,0,0,0,0
0,0,6,1,0,0,0,0
0,0,2,0,0,0,0,0
1,1,28,1,0,0,0,0
0,0,11,0,0,0,0,0
0,0,18,0,0,0,0,0
0,0,19,1,0,0,0,0
0,0,33,0,0,0,0,0
0,0,13,0,0,0,0,0
0,0,11,0,0,0,0,0
0,0,11,0,0,0,0,0
0,0,4,0,0,0,0,0
0,0,7,0,0,0,0,0
2,1,36,0,0,0,0,0
0,1,7,0,0,0,0,0
0,0,18,0,0,0,0,0
2,0,234,4,3,0,0,0
0,0,8,0,0,0,0,0
0,0,11,0,0,0,0,0
2,0,19,0,0,0,0,0
3,0,29,0,0,0,0,0
0,0,8,0,1,0,0,0
0,0,14,0,0,0,0,0
2,0,19,2,0,0,0,0
4,0,31,0,0,0,0,0
0,0,10,1,0,0,0,0
0,0,4,0,0,0,0,0
0,0,16,0,0,0,0,0
3,3,27,0,0,0,0,0
0,0,21,0,0,0,0,0
0,0,3,0,0,0,0,0
0,0,1,0,0,0,0,0
0,0,11,0,0,0,0,0
0,0,10,0,0,0,0,0
2,0,11,0,0,0,0,0
1,0,17,0,0,0,0,0
0,0,20,0,0,0,0,0
1,0,28,1,0,0,0,0
0,0,12,0,0,0,0,0
0,0,13,0,0,0,0,0
6,0,37,0,0,0,0,0
0,0,9,0,0,0,0,0
0,0,5,0,0,0,0,0
1,0,17,1,0,0,0,0
0,0,7,0,0,0,0,0
0,0,9,0,0,0,0,0
3,0,14,1,0,0,0,0
0,0,16,0,0,0,0,0
2,0,25,0,0,0,0,0
0,0,23,0,0,0,0,0
0,0,15,0,0,0,0,0
0,0,23,0,0,0,0,0
0,0,17,0,0,0,0,0
0,0,18,0,0,0,0,0
0,0,18,0,0,0,0,0
0,0,37,0,0,1,0,0
0,0,18,0,0,0,0,0
0,0,22,0,0,0,0,0
1,1,61,0,0,0,0,0
0,0,11,0,0,0,0,0
0,0,20,0,0,0,0,0
0,0,12,0,0,0,0,0
1,0,16,0,0,0,0,0
0,0,10,0,0,0,0,0
0,1,29,0,0,0,0,0
0,0,43,1,0,0,0,0
4,0,51,0,0,0,0,0
0,0,16,0,0,0,0,0
13,0,80,2,1,0,0,0
0,0,40,0,2,0,0,0
0,1,22,2,0,0,0,0
0,0,16,0,0,0,0,0
0,1,23,0,0,0,0,0
0,0,20,0,0,0,0,0
0,0,15,0,0,0,0,0
0,0,14,0,0,0,0,0
1,0,30,0,0,0,0,0
0,0,10,0,0,0,0,0
0,0,32,1,0,0,0,0
4,0,37,0,0,0,0,0
3,0,18,0,0,0,0,0
0,0,29,0,0,0,0,0
0,0,19,0,0,0,0,0
0,0,35,0,0,0,0,0
5,0,41,0,0,0,0,0
1,1,22,0,0,0,0,0
0,1,29,0,0,0,0,0
0,0,12,0,0,0,0,0
0,1,26,0,0,0,0,0
3,0,22,0,0,0,0,0
10,1,46,0,0,0,0,0
1,0,13,0,0,0,0,0
0,0,13,1,0,0,0,0
0,0,11,0,0,0,0,0
0,0,13,0,0,0,0,0
0,0,7,1,0,0,0,0
2,1,23,1,0,0,0,0
3,0,23,1,0,0,0,0
3,0,35,1,0,0,0,0
0,0,11,1,0,0,0,0
0,0,22,0,0,0,0,0
0,0,44,0,0,6,0,0
0,0,18,1,0,0,0,0
0,0,14,1,0,0,0,0
1,0,12,1,0,0,0,0
0,0,22,2,0,0,0,0
0,1,32,1,0,0,0,0
0,0,17,0,0,0,0,0
0,2,19,0,0,0,0,0
0,0,9,0,0,0,0,0
2,0,43,0,0,0,0,0
3,1,38,0,0,0,0,0
1,0,17,0,0,0,0,0
0,0,23,0,0,0,0,0
4,0,23,0,0,0,0,0
1,0,17,0,0,0,0,0
0,3,28,0,0,0,0,0
3,0,50,0,0,0,0,0
0,0,24,0,0,0,0,0
4,0,29,0,0,0,0,0
0,0,14,0,0,0,0,0
1,0,13,0,0,0,0,0
1,0,49,1,0,0,0,0
3,0,30,1,0,0,0,0
1,0,32,0,0,0,0,0
0,0,11,0,0,0,0,0
0,0,9,0,0,0,0,0
0,0,11,0,0,0,0,0
2,1,35,0,0,0,0,0
1,1,25,1,0,0,0,0
0,0,36,0,0,0,0,0
0,0,28,0,0,0,0,0
6,2,43,1,1,0,0,0
0,0,34,0,0,0,0,0
1,0,22,1,0,0,0,0
2,0,42,2,0,0,0,0
0,0,19,1,0,0,0,0
0,0,40,2,0,0,0,0
0,0,14,1,0,0,0,0
1,0,37,1,0,0,0,0
0,0,7,0,0,0,0,0
0,0,26,0,0,0,1,0
1,0,18,0,0,0,0,0
0,0,5,0,0,0,0,0
4,1,17,0,0,0,0,0
0,0,15,0,0,0,0,0
0,0,17,0,0,0,0,0
0,0,18,0,0,0,0,0
0,0,19,0,0,0,0,0
0,1,18,0,0,0,0,0
0,0,24,0,0,0,0,0
0,0,7,0,0,0,0,0
0,0,17,0,0,0,0,0
0,0,25,0,0,0,0,0
2,0,28,0,1,0,0,0
0,0,11,0,0,0,0,0
0,0,17,0,0,0,0,0
0,1,16,0,1,0,0,0
0,0,17,0,0,0,0,0
0,1,18,0,0,0,0,0
0,1,23,0,0,0,0,0
2,0,29,0,0,0,0,0
0,0,17,0,0,0,0,0
1,0,24,1,0,0,0,0
2,0,34,0,0,0,2,0
2,1,44,0,0,0,0,0
1,0,23,0,0,0,0,0
0,1,19,1,0,0,0,0
0,0,19,0,1,0,0,0
0,0,18,0,0,0,0,0
0,0,30,0,1,0,0,0
2,1,24,0,0,0,0,0
1,1,9,0,0,0,0,0
0,0,25,1,0,0,0,0
8,0,30,0,0,0,0,0
2,0,15,0,0,0,0,0
1,1,23,0,0,0,0,0
2,0,17,0,0,0,0,0
0,0,17,0,0,0,0,0
3,1,36,0,0,0,0,0
1,0,10,0,0,0,0,0
1,1,13,0,0,0,0,0
0,1,16,0,0,0,0,0
1,1,27,0,0,0,0,0
1,1,34,0,0,0,0,0
2,0,39,0,0,0,0,0
0,0,13,0,0,0,0,0
0,1,20,0,0,0,0,0
0,0,9,0,0,0,0,0
1,0,10,0,0,0,0,0
0,0,13,0,0,0,0,0
2,0,40,0,0,0,0,0
2,0,27,0,0,0,0,0
4,0,38,0,0,0,0,0
0,0,12,0,0,0,0,0
1,0,8,1,0,0,0,0
0,0,3,0,0,0,0,0
3,0,15,0,0,0,0,0
1,0,23,0,0,0,0,0
1,0,5,0,0,0,0,0
0,0,10,1,0,0,0,0
0,0,16,0,0,0,0,0
0,0,20,0,0,0,0,0
0,0,14,0,0,0,0,0
1,0,25,0,0,0,0,0
0,0,8,0,0,0,0,0
0,0,14,0,0,0,0,0
0,0,21,0,0,0,0,0
0,0,11,0,0,0,0,0
0,0,9,0,0,0,0,0
0,0,31,0,0,0,0,0
1,0,10,0,0,0,0,0
1,0,21,1,0,0,0,0
0,0,14,0,0,0,0,0
1,1,16,0,0,0,0,0
0,0,8,0,0,0,0,0
0,1,12,0,0,0,0,0
1,0,33,0,0,0,0,0
1,0,19,0,0,0,0,0
0,0,20,0,0,0,0,0
2,0,25,0,0,0,0,0
2,0,16,0,0,0,0,0
4,0,49,0,0,0,0,0
1,0,22,0,0,0,0,0
1,0,14,0,0,0,0,0
0,0,26,0,0,0,0,0
0,0,19,0,0,0,0,0
2,0,12,0,0,0,0,0
3,0,33,0,0,0,0,0
3,0,10,0,0,0,0,0
1,0,5,0,0,0,0,0
2,0,32,0,0,0,0,0
2,0,19,0,0,0,0,0
1,0,23,0,0,0,0,0
0,0,21,0,0,0,0,0
0,0,30,0,0,0,0,0
0,0,3,0,0,0,0,0
4,0,24,0,0,0,0,0
0,0,12,0,0,0,0,0
2,0,5,0,0,0,0,0
0,0,9,0,0,0,0,0
1,1,20,0,0,0,0,0
0,0,10,0,0,0,0,0
2,0,13,0,0,0,0,0
0,0,19,0,0,0,0,0
6,1,32,0,0,0,0,0
0,1,15,0,0,0,0,0
0,0,18,0,0,0,0,0
1,0,33,0,0,0,0,0
3,0,18,0,0,0,0,0
1,0,14,1,0,0,0,0
1,0,12,0,0,0,0,0
0,0,13,0,0,0,0,0
0,0,23,0,0,0,0,0
0,0,7,0,0,0,0,0
0,0,9,0,0,0,0,0
0,0,9,0,0,0,0,0
0,0,6,0,0,0,0,0
0,0,7,1,0,0,0,0
0,0,14,0,0,0,0,0
0,0,6,0,0,0,0,0
0,0,13,0,0,0,0,0
0,0,22,1,0,0,0,0
1,2,11,0,0,0,0,0
0,2,23,0,0,0,0,0
0,0,10,0,0,0,0,0
0,0,21,1,0,0,0,0
0,0,11,1,0,0,0,0
5,0,28,0,0,0,0,0
2,0,31,0,0,0,0,0
1,0,17,1,0,0,0,0
0,0,4,0,0,0,0,0
1,0,13,0,0,0,0,0
7,4,249,6,0,0,0,0
21,3,1685,15,2,2,0,0
42,2,285,5,0,0,46,0
18,9,352,3,1,1,0,0
7,0,109,3,2,0,0,0
32,4,480,47,5,0,0,0
38,14,676,7,0,1,0,0
30,3,1607,17,3,0,0,0
34,2,770,16,5,0,0,0
39,5,1390,12,1,1,0,0
106,6,810,10,4,0,0,0
124,10,1908,27,21,1,0,0
161,4,1710,12,8,0,0,0
47,4,1632,9,13,1,0,0
22,10,347,2,5,0,6,0
308,11,2605,19,11,0,0,0
45,3,280,0,17,1,19,7
94,9,1249,11,8,2,1,0
100,11,834,5,10,2,0,0
36,1,1969,16,7,0,0,0
24,3,4241,51,19,4,0,0
104,3,4054,36,23,0,1,0
3,2,90,2,3,0,0,0
9,2,107,1,2,1,0,0
143,9,791,5,0,0,0,0
12,3,499,8,0,1,0,0
287,28,2483,9,12,2,0,0
29,5,228,0,3,0,1,19
218,9,1226,5,12,1,0,0
2,0,71,3,0,1,0,0
90,11,858,1,7,0,0,1
5,2,79,3,5,0,0,0
78,15,599,7,8,0,0,0
75,17,2392,20,8,0,0,0
5,3,80,2,4,0,0,0
20,8,484,4,0,0,0,0
16,3,145,1,11,0,0,0
71,7,535,6,6,0,0,0
104,49,1133,17,17,1,0,0
165,18,867,4,8,0,0,0
6,1,108,3,3,0,0,0
15,1,172,3,11,0,0,0
39,21,1961,11,12,0,1,0
71,42,962,5,16,2,0,0
7,4,249,6,0,0,0,0
21,3,1685,15,2,2,0,0
42,2,285,5,0,0,46,0
18,9,352,3,1,1,0,0
7,0,109,3,2,0,0,0
32,4,480,47,5,0,0,0
38,14,676,7,0,1,0,0
30,3,1607,17,3,0,0,0
34,2,770,16,5,0,0,0
39,5,1390,12,1,1,0,0
106,6,810,10,4,0,0,0
124,10,1908,27,21,1,0,0
161,4,1710,12,8,0,0,0
47,4,1632,9,13,1,0,0
22,10,347,2,5,0,6,0
308,11,2605,19,11,0,0,0
45,3,280,0,17,1,19,7
94,9,1249,11,8,2,1,0
100,11,834,5,10,2,0,0
36,1,1969,16,7,0,0,0
24,3,4241,51,19,4,0,0
104,3,4054,36,23,0,1,0
3,2,90,2,3,0,0,0
9,2,107,1,2,1,0,0
143,9,791,5,0,0,0,0
12,3,499,8,0,1,0,0
287,28,2483,9,12,2,0,0
29,5,228,0,3,0,1,19
218,9,1226,5,12,1,0,0
2,0,71,3,0,1,0,0
90,11,858,1,7,0,0,1
5,2,79,3,5,0,0,0
78,15,599,7,8,0,0,0
75,17,2392,20,8,0,0,0
5,3,80,2,4,0,0,0
20,8,484,4,0,0,0,0
16,3,145,1,11,0,0,0
71,7,535,6,6,0,0,0
104,49,1133,17,17,1,0,0
165,18,867,4,8,0,0,0
6,1,108,3,3,0,0,0
15,1,172,3,11,0,0,0
39,21,1961,11,12,0,1,0
71,42,962,5,16,2,0,0
1,10,1917,0,1,0,0,0
110,7,113,9,1,0,0,0
8,0,60,0,2,0,1,6
0,0,29,0,0,0,0,0
0,0,18,0,0,0,0,0
6,16,119,0,3,22,0,0
1,2,48,0,0,0,0,0
1,0,39,0,4,1,0,0
7,0,43,0,0,0,0,1
0,0,39,0,0,3,0,3
1,0,22,0,0,0,0,4
29,0,70,2,0,0,0,0
11,1,61,1,0,0,0,0
7,0,48,0,1,0,0,2
0,0,45,0,5,0,0,4
36,5,75,1,2,0,0,0
0,0,35,1,2,0,0,0
7,1,40,1,2,0,0,0
0,0,37,0,0,0,0,0
1,0,72,0,0,0,0,0
2,0,19,0,1,1,0,0
28,0,127,6,0,0,0,0
56,60,125,1,0,1,0,0
0,0,29,0,1,0,0,0
104,3,95,2,0,0,0,0
8,0,33,1,0,0,0,0
21,1,62,1,0,0,0,0
105,153,212,2,4,0,0,0
5,0,33,1,0,0,0,0
71,65,117,5,0,0,0,0
4,0,35,4,0,0,0,0
0,0,24,1,2,0,0,0
20,6,47,3,0,0,0,0
166,16,114,9,0,0,0,0
54,0,91,2,0,0,0,0
25,28,123,0,0,0,0,0
1,4,47,3,1,0,0,0
16,0,46,1,0,0,0,0
0,1,16,0,0,0,0,0
6,17,366,2,6,0,0,0
2,0,57,3,1,0,0,0
0,1,40,1,0,1,0,0
0,0,34,1,2,0,0,0
25,0,88,3,5,0,0,0
0,0,15,0,0,0,0,0
96,7,101,2,2,0,0,0
0,0,17,0,1,0,0,0
6,1,14,4,1,0,0,0
4,0,48,1,2,0,0,0
2,0,30,0,0,0,0,0
32,17,221,3,0,1,0,0
23,1,63,0,0,0,0,0
3,0,34,1,0,0,0,0
102,0,165,1,0,0,0,0
28,0,31,1,0,0,0,0
0,0,26,0,0,0,0,0
54,1,89,2,0,0,0,0
1,0,62,0,0,0,0,0
8,0,40,0,5,0,0,4
2,0,11,0,2,0,0,0
27,1,43,1,1,0,0,0
4,0,39,0,0,0,0,8
54,0,84,0,0,0,0,0
34,0,71,0,1,1,0,0
195,2,193,0,0,2,0,0
0,20,42,1,0,0,0,0
116,120,187,7,2,0,0,0
65,0,116,0,0,0,0,0
21,0,57,1,1,0,0,0
78,2,96,3,2,5,0,0
126,0,136,0,0,0,0,0
47,0,90,1,1,0,0,0
0,0,42,1,2,0,0,0
13,1,78,1,5,0,0,0
118,2,150,4,3,0,0,0
0,0,35,0,0,0,0,0
65,0,104,2,0,0,1,0
212,0,248,2,0,0,0,0
8,0,77,1,2,0,0,0
3,0,39,0,0,0,0,3
80,24,98,3,0,0,0,0
0,7,37,0,4,2,0,0
38,0,60,0,0,0,0,0
3,0,26,0,1,0,0,0
11,0,101,1,1,25,0,0
58,0,102,1,1,0,0,0
0,0,46,1,1,0,0,0
44,3,91,0,4,2,0,0
54,2,131,5,2,0,0,0
41,2,255,7,4,7,0,0
177,7,128,9,0,1,0,0
0,2,21,0,0,0,0,0
66,3,107,2,1,0,0,0
2,0,92,13,0,0,0,0
11,0,71,4,0,0,1,0
100,12,221,15,3,0,0,0
33,0,81,2,5,0,0,0
5,0,14,0,1,0,0,0
0,0,71,1,1,4,0,0
51,0,98,1,1,0,0,0
2,1,33,1,1,0,0,0
54,0,144,2,3,0,0,0
0,5,33,0,0,0,0,0
13,0,62,0,0,2,3,1
357,17,341,9,3,0,0,0
4,1,110,0,1,0,2,10
282,13,216,5,1,0,0,0
0,0,19,0,0,0,0,0
1,1,70,0,1,12,0,0
338,8,251,6,3,0,0,0
8,0,27,1,0,0,0,0
0,0,44,0,0,1,0,0
57,0,100,0,3,1,0,0
96,6,119,2,2,0,0,0
2,0,62,0,4,0,0,0
14,0,37,2,1,0,0,0
0,0,59,0,0,0,0,0
80,1,122,4,3,0,0,0
92,6,119,2,2,0,0,0
0,0,18,0,1,0,0,0
3,0,56,0,0,0,2,0
166,16,242,6,1,0,0,0
3,0,30,0,1,0,0,0
10,6,49,2,2,0,0,0
0,0,78,0,1,18,0,0
6,1,60,0,3,0,0,0
10,0,76,1,3,0,0,0
4,0,44,1,1,0,0,0
7,0,30,0,3,0,0,0
1,1,57,0,0,0,0,0
7,0,72,3,1,0,0,0
71,10,103,0,0,3,0,0
113,0,108,1,2,2,0,0
2,0,30,0,1,1,3,0
151,78,231,4,3,0,0,0
16,1,865,120,0,28,0,0
0,0,28,0,0,0,0,0
0,1,38,1,2,0,0,0
0,0,37,2,0,3,0,0
3,0,47,1,0,0,0,0
3,0,41,0,1,0,0,0
0,3,38,1,4,0,0,0
0,0,10,1,0,0,0,0
0,1,19,0,0,0,0,0
0,1,6,0,0,0,0,0
0,1,10,0,0,0,0,0
0,1,18,0,0,0,0,0
0,1,14,0,0,0,0,0
0,0,3,0,0,1,0,0
2,1,10,1,0,0,0,0
4,2,40,0,1,0,0,0
6,0,29,0,2,0,0,0
5,0,22,0,0,0,0,0
0,0,19,0,0,0,0,0
1,0,28,0,0,0,0,0
7,0,56,3,0,0,0,0
157,5,161,2,6,0,0,0
8,1,59,2,1,0,0,0
0,6,5,0,0,0,0,0
17,0,41,1,1,0,0,0
0,0,22,0,0,0,0,0
24,0,131,0,1,0,0,0
0,0,49,0,0,0,0,0
0,0,50,0,0,0,0,0
0,0,82,0,0,0,0,0
2,0,16,0,0,0,0,0
1,0,31,0,0,0,0,0
0,0,14,0,0,0,1,0
14,7,70,0,0,0,1,0
4,0,51,0,0,5,0,0
79,9,109,4,0,0,0,0
0,0,40,0,0,0,0,0
4,0,35,0,0,0,0,0
0,0,29,0,0,0,0,0
5,0,28,0,0,0,0,0
0,2,28,0,1,0,0,0
0,0,24,0,0,0,0,0
3,0,35,0,0,1,0,0
6,0,59,2,0,0,0,0
7,0,63,2,0,0,0,0
5,0,37,2,0,0,0,0
5,0,49,2,0,0,0,0
9,0,70,6,1,0,0,0
4,2,137,2,6,0,0,0
5,1,41,1,1,1,0,0
351,15,361,7,1,0,0,0
3,0,62,0,0,0,1,0
42,1,106,0,3,0,0,0
22,0,102,1,1,0,0,0
3,0,181,2,0,3,0,0
6,0,48,2,0,8,0,0
25,5,107,1,1,0,0,0
14,0,85,0,0,5,0,5
14,0,59,1,1,0,0,0
3,0,51,1,0,1,0,0
15,0,42,0,2,0,2,0
29,1,116,3,1,0,0,0
79,11,106,1,4,0,0,0
0,1,26,0,0,0,0,0
5,1,31,0,2,0,0,3
16,0,187,3,4,13,0,0
239,15,268,3,0,0,0,0
2,0,47,0,0,0,0,0
10,1,53,0,4,0,0,0
2,1,47,0,0,0,0,0
9,0,39,3,0,0,0,0
567,13,509,3,2,1,0,0
193,3,237,5,5,0,0,0
2,0,41,0,0,0,14,0
1,0,84,1,0,0,0,0
59,0,83,3,0,0,0,0
10194,25,256,5,9,2,0,0
1,0,23,0,0,0,0,0
2,0,28,0,0,0,0,0
23,10,49,0,0,0,0,0
192,121,280,4,0,0,0,0
0,0,27,0,1,3,0,0
169,62,162,1,2,0,0,0
131,2,182,2,0,0,0,0
56,0,97,3,3,2,0,0
64,8,205,3,5,0,0,0
448,8,376,5,1,0,0,0
3,0,92,2,1,0,0,0
199,12,232,4,8,0,0,0
383,11,348,5,0,0,0,0
311,8,264,5,0,0,0,0
316,9,325,6,1,0,0,0
21,0,63,2,1,0,0,0
1,0,79,0,1,0,5,0
498,15,339,6,5,0,0,0
292,16,251,5,2,0,1,0
68,0,109,2,0,0,0,0
0,0,28,0,0,0,0,0
1,0,61,0,0,0,0,0
0,0,21,0,0,0,0,0
0,0,27,0,0,0,0,0
0,1,15,0,0,0,0,0
47,0,191,0,3,0,0,0
53,0,152,2,10,0,0,0
4,0,116,9,0,0,0,0
119,21,345,7,4,0,0,0
479,15,356,4,1,0,0,0
6,0,67,0,6,0,0,2
2,0,71,0,1,0,0,1
566,20,399,12,0,0,0,0
19,0,206,3,5,1,0,0
104,12,194,7,0,0,0,0
38,26,115,1,3,0,0,0
6,0,79,0,1,1,0,0
7,1,99,1,4,0,0,0
4,0,125,0,0,0,0,0
247,14,320,7,1,0,0,0
239,4,301,1,0,0,2,0
4,0,119,1,3,0,0,0
2,3,63,0,1,0,0,0
319,2,382,3,0,0,3,0
36,1,181,1,4,0,0,0
5,0,111,1,0,0,5,0
261,12,253,3,0,0,0,0
4,0,68,2,0,0,0,0
2,0,42,0,0,0,0,0
0,1,52,2,0,0,0,0
0,3,27,0,1,0,0,0
0,2,60,1,0,0,0,0
254,12,197,10,2,1,0,0
12,0,130,2,1,0,4,0
256,12,324,5,4,0,0,0
338,11,291,3,1,0,0,0
424,6,452,5,5,1,0,0
662,23,330,6,1,0,0,0
6,0,61,2,0,0,0,0
4,2,66,2,1,0,0,0
536,20,316,6,3,0,0,0
25,0,118,1,3,0,0,0
383,10,142,2,0,3,0,0
31,1,63,0,3,0,1,0
8,3,95,1,2,0,0,0
12,1,78,0,7,5,0,0
441,15,101,9,3,1,1,0
2,0,46,0,0,0,0,0
613,26,370,10,0,12,0,0
35,0,180,1,0,2,0,8
40,0,167,0,12,0,0,9
385,16,269,2,3,0,0,0
17,1,152,1,2,1,0,0
196,2,314,2,14,1,0,0
8,0,56,1,0,0,0,0
12,0,13,0,0,0,0,0
9,0,14,0,0,0,0,0
11,0,15,1,0,0,0,0
469,5,296,4,4,0,0,0
20,1,95,3,4,0,0,0
392,13,235,2,2,0,0,0
20,4,98,0,4,32,0,0
18,0,116,5,4,0,0,0
3,0,84,2,1,0,0,0
472,25,282,7,2,0,0,0
16,0,51,1,0,0,2,0
102,0,103,0,1,0,4,0
351,15,238,3,1,0,0,0
0,0,17,1,0,0,0,0
355,20,247,6,1,0,0,0
1,0,26,0,0,0,0,0
253,10,225,3,0,0,0,0
1,1,57,1,1,0,0,0
181,10,113,6,3,0,0,0
2,2,66,0,3,0,0,0
10,1,80,1,1,0,0,3
266,29,238,6,7,0,0,0
22,7,77,7,5,0,0,0
0,0,10,0,1,0,0,0
0,0,11,0,0,0,0,0
0,0,10,0,0,0,0,0
4,0,54,0,0,3,1,2
5,2,60,0,1,0,0,0
0,6,51,2,0,0,0,0
51,6,118,7,2,0,0,0
92,11,183,4,1,0,0,0
1,2,24,3,1,0,0,0
0,2,29,0,1,0,0,0
3,0,25,0,2,0,0,0
0,0,36,0,0,0,0,0
0,2,48,0,0,0,0,0
2,0,36,0,1,0,0,0
4,3,43,2,2,0,0,0
8,4,82,3,3,0,0,0
1,0,17,1,0,0,0,0
6,1,73,2,0,0,0,0
12,1,79,3,4,0,0,0
36,0,73,0,0,1,0,4
14,0,71,0,9,0,7,1
2,0,49,0,0,0,0,0
13,1,79,0,2,0,0,0
3,0,70,0,0,0,0,0
9,2,94,3,2,1,0,0
1,0,35,2,0,0,0,0
4,1,68,0,0,2,0,0
13,8,184,2,2,0,0,0
10,6,63,0,0,0,0,0
0,0,23,0,2,0,0,0
6,1,50,3,0,0,0,0
0,0,19,1,0,0,0,0
7,0,32,0,0,0,0,0
1,0,58,1,1,0,0,0
0,0,12,0,0,0,0,0
0,0,7,0,0,0,0,0
1,0,18,0,0,0,0,0
0,0,28,1,0,0,0,0
0,1,24,0,0,0,0,0
6,0,87,2,1,0,0,0
8,1,43,1,1,6,0,0
0,1,16,1,0,0,0,0
1,2,22,0,0,0,0,0
0,0,13,0,0,0,0,0
0,0,14,0,0,0,0,0
0,1,7,0,0,0,0,0
4,1,61,0,0,0,0,0
2,0,39,2,2,0,0,0
0,12,174,0,0,0,0,0
9,1,132,0,0,0,0,0
0,0,4,0,0,0,0,0
0,0,0,0,0,0,0,0
60,12,160,3,1,0,0,0
0,0,2,0,0,0,0,0
0,0,5,0,0,0,0,0
43,6,147,4,3,0,0,0
0,2,6,2,0,1,0,0
4,4,126,1,1,1,0,0
1,7,678,5,1,1,0,0
10,3,202,0,4,1,0,0
4,5,39,2,1,1,0,0
0,2,7,0,1,1,0,0
0,4,200,1,1,1,0,0
7,3,265,1,0,0,0,0
45,63,953,13,6,1,0,0
0,1,11,2,1,1,0,0
6,0,181,2,2,0,0,0
6,4,277,2,1,1,0,0
1,1,63,0,0,0,0,0
0,2,110,0,0,0,0,0
4,13,288,5,0,0,0,0
3,4,105,0,0,0,0,0
5,1,117,0,0,0,0,0
4,0,9,0,0,0,0,0
27,21,404,1,0,21,0,0
0,3,42,0,0,0,0,0
1,0,6,0,0,0,0,0
35,36,304,3,0,1,0,0
9,10,211,0,0,0,0,0
0,0,23,0,0,0,0,0
9,3,235,2,2,0,0,0
24,10,256,0,0,0,0,0
1,3,69,0,0,0,0,0
0,0,9,0,0,0,0,0
23,14,222,8,0,0,0,0
0,0,12,0,0,0,0,0
1,6,11,0,0,0,0,0
0,0,9,0,0,0,0,0
0,0,10,0,0,0,0,0
0,0,2,0,0,0,0,0
0,2,11,0,0,0,0,0
2,2,91,0,0,0,0,0
0,0,50,0,0,0,0,0
1,0,10,0,0,0,0,0
0,0,8,0,0,0,0,0
0,0,10,0,0,0,0,0
0,5,235,0,1,0,0,0
0,1,14,1,0,0,0,0
0,0,1,0,0,0,0,0
0,0,7,0,0,0,0,0
26,34,90,3,0,0,0,0
0,0,7,2,0,0,0,0
0,0,4,0,0,0,0,0
2,3,195,1,0,0,0,0
0,0,86,0,0,0,0,0
0,0,89,0,0,0,0,0
0,0,14,1,0,1,0,0
0,0,1,1,0,0,0,0
12,22,349,2,0,0,0,0
0,0,17,0,0,0,0,0
